Card,Success,805.05
Cash,Success,2832.05
Cash,Success,2781.42
Cash,Success,932.38
Cash,Success,4330.03
UPI,Success,3654.23
UPI,Success,4105.0
Card,Success,4307.88
Cash,Success,2932.88
Cash,Success,4630.12
Cash,Success,336.64
Cash,Success,2831.15
Cash,Success,2329.17
Cash,Success,3133.07
UPI,Success,4852.53
UPI,Success,1413.09
Card,Success,3352.14
Cash,Success,2540.33
Cash,Failed,3572.21
Card,Success,2520.89
UPI,Success,858.41
Cash,Success,3272.98
Cash,Failed,413.75
UPI,Success,3379.85
Cash,Success,402.79
UPI,Success,3923.03
Card,Failed,2069.86
UPI,Success,932.47
Card,Success,765.15
Card,Failed,4886.83
Card,Success,61.9
Cash,Success,4725.97
UPI,Failed,2464.0
Card,Success,564.55
Cash,Success,3786.69
UPI,Success,278.13
Cash,Success,2481.42
UPI,Success,623.24
UPI,Success,90.9
UPI,Success,2096.08
Card,Failed,3110.54
UPI,Success,2606.75
Card,Success,424.18
Cash,Success,572.4
Card,Success,984.6
Card,Success,1436.39
UPI,Success,3363.39
Cash,Success,2465.54
UPI,Failed,2847.29
UPI,Success,1764.21
UPI,Success,1937.8
Card,Success,2608.21
Card,Success,2602.56
Cash,Success,393.89
Card,Success,2304.03
Cash,Success,3275.94
Cash,Success,685.63
UPI,Success,1840.52
Cash,Success,4081.78
Cash,Success,1902.88
UPI,Success,1216.79
Card,Success,4708.8
UPI,Success,3952.28
UPI,Success,3527.26
UPI,Success,326.8
Card,Success,4135.24
Card,Success,2018.31
Cash,Success,1190.93
Card,Success,3362.42
Cash,Success,2828.66
Cash,Success,3095.33
UPI,Success,1718.49
Card,Success,1078.44
Card,Success,54.22
Card,Success,1340.21
UPI,Success,4927.81
Card,Success,2381.22
UPI,Success,1932.75
Card,Failed,4410.33
Card,Success,3627.6
Cash,Success,1368.72
UPI,Success,3769.34
Card,Success,3112.16
Card,Success,1896.85
UPI,Failed,2091.19
Cash,Success,3604.9
UPI,Success,2059.24
Cash,Success,1781.36
Cash,Success,4761.33
UPI,Failed,1805.97
UPI,Success,329.58
Card,Refunded,4604.73
Cash,Success,4042.55
UPI,Success,1272.44
Cash,Success,2005.08
UPI,Success,1551.46
Cash,Success,883.52
Cash,Success,722.35
Card,Success,3429.18
Cash,Success,2765.5
Cash,Success,4331.76
UPI,Success,1277.45
Cash,Success,1927.65
Cash,Success,2581.64
Cash,Success,1366.06
Cash,Success,2204.96
Card,Failed,4063.98
UPI,Refunded,3548.11
UPI,Success,4191.94
UPI,Success,3266.58
Cash,Success,1364.44
Cash,Success,2646.17
Cash,Success,2903.34
Card,Success,2504.47
Cash,Success,1180.08
Card,Success,1259.44
Card,Success,3921.58
Cash,Success,3266.09
Cash,Success,1470.32
UPI,Success,4328.32
Card,Success,948.54
UPI,Success,3460.18
UPI,Refunded,4528.87
Cash,Success,4793.73
UPI,Failed,1806.25
UPI,Success,3290.12
Card,Success,3042.45
UPI,Success,1354.29
UPI,Success,1750.99
Card,Success,1890.27
UPI,Success,1805.68
UPI,Success,3763.83
Card,Success,1367.64
Card,Success,2085.06
Card,Success,3549.8
Cash,Failed,4101.25
Cash,Success,4680.29
Cash,Success,2144.15
Cash,Success,4154.38
Cash,Success,1117.25
Card,Success,1937.34
Card,Failed,1722.23
Cash,Success,4317.6
UPI,Success,3082.67
Card,Refunded,3131.09
UPI,Success,2011.6
Card,Success,1941.63
Card,Refunded,1077.3
UPI,Success,64.45
UPI,Success,1367.01
UPI,Success,827.52
UPI,Success,1422.28
UPI,Success,4153.79
Cash,Failed,1500.39
Cash,Success,4570.22
Cash,Success,1018.04
Card,Success,3068.5
Cash,Success,701.25
UPI,Refunded,3761.55
Card,Success,4281.26
UPI,Success,218.09
UPI,Success,4901.46
Cash,Success,2035.8
UPI,Failed,335.88
Cash,Success,1372.97
Card,Success,3515.53
Cash,Success,231.01
Card,Success,1654.71
Cash,Success,2757.56
Card,Success,479.24
UPI,Success,933.82
Cash,Success,4438.56
Cash,Success,3022.66
Cash,Success,4303.32
Card,Success,3441.82
Card,Failed,141.96
Card,Success,4992.1
Cash,Success,3101.01
Card,Refunded,3638.06
Card,Success,1865.45
Cash,Refunded,766.47
UPI,Success,4172.93
Cash,Success,2891.19
Card,Success,1902.16
Cash,Success,4701.46
UPI,Success,3994.82
Card,Success,1974.71
Card,Failed,863.97
Card,Success,282.53
Cash,Success,2197.18
Card,Success,4717.79
UPI,Success,1377.86
Cash,Success,398.95
UPI,Success,1779.04
Cash,Success,2254.38
Cash,Success,4002.86
UPI,Success,4309.56
UPI,Failed,1936.96
Card,Success,2604.8
Cash,Failed,4682.43
UPI,Success,434.83
UPI,Success,59.33
UPI,Refunded,2015.45
Cash,Success,1099.96
UPI,Success,637.66
Card,Success,657.08
Card,Success,4445.45
Cash,Success,1392.12
UPI,Refunded,1429.7
UPI,Success,1148.85
Card,Success,530.46
Cash,Success,4212.95
Card,Success,3265.76
UPI,Success,878.92
UPI,Refunded,4567.4
Cash,Success,1801.58
Card,Failed,4112.67
Cash,Success,4873.03
Cash,Success,1912.16
UPI,Success,2469.84
Cash,Success,3414.89
UPI,Success,918.23
Card,Success,1435.36
Cash,Success,2651.62
Card,Success,4331.52
Card,Success,139.43
UPI,Success,4539.9
Card,Success,126.86
Card,Success,779.78
Card,Success,3610.72
Card,Success,2868.12
Cash,Success,3292.8
Card,Success,1567.55
Cash,Success,2576.89
UPI,Success,4812.67
UPI,Failed,594.66
UPI,Failed,3565.77
Card,Refunded,2897.84
UPI,Success,2001.85
UPI,Success,4350.84
UPI,Success,2454.24
Card,Success,2742.96
Card,Success,156.84
UPI,Success,2327.9
Card,Success,604.06
Card,Success,4270.58
Card,Success,1358.28
Cash,Success,4825.35
Cash,Success,3588.31
Card,Success,2222.33
Cash,Success,1560.67
UPI,Success,657.04
Cash,Refunded,1406.93
UPI,Failed,1651.25
UPI,Failed,1023.24
Card,Success,1966.99
Cash,Success,4181.84
Cash,Success,3319.76
UPI,Success,2127.25
Cash,Failed,4123.14
Card,Success,2429.61
UPI,Success,1870.51
UPI,Success,251.16
Card,Success,4627.88
Card,Success,2959.9
UPI,Success,4898.22
UPI,Success,1254.27
UPI,Success,2435.58
Cash,Success,4294.49
Card,Refunded,849.12
Cash,Success,2439.42
Card,Failed,234.51
UPI,Success,1067.13
Card,Success,2884.74
UPI,Success,1983.79
Cash,Refunded,3824.41
Cash,Success,2184.43
Cash,Success,2647.24
Cash,Success,1439.34
Card,Success,3302.4
Card,Failed,2554.26
Cash,Success,1340.48
Card,Success,3832.54
Cash,Refunded,1456.93
Cash,Success,4855.16
Card,Success,1815.66
Cash,Success,129.09
UPI,Success,3833.33
Cash,Success,3850.46
Card,Success,87.84
Cash,Success,3449.8
Cash,Success,3363.96
UPI,Success,292.67
Card,Success,3813.63
Card,Success,4314.9
Cash,Success,229.09
Card,Success,3228.33
UPI,Success,2564.8
Cash,Success,2256.68
Cash,Success,792.73
Card,Success,2049.84
UPI,Success,2050.54
Card,Success,887.81
Cash,Failed,2080.83
Cash,Success,3855.72
Card,Refunded,4401.14
Cash,Success,2675.67
Card,Success,2736.86
Cash,Success,2917.98
Cash,Success,3200.65
UPI,Success,4185.42
Cash,Success,746.5
UPI,Success,669.35
Cash,Success,3554.95
Cash,Success,3735.38
Cash,Success,1619.8
Card,Success,3233.01
Card,Success,1693.64
UPI,Success,4782.91
UPI,Success,3374.24
Cash,Refunded,3320.29
Card,Success,4761.87
Card,Success,4637.38
Card,Success,1612.9
UPI,Success,2456.4
Cash,Success,1781.1
Card,Success,2510.93
Card,Success,4069.92
UPI,Success,2063.4
UPI,Success,4130.37
Card,Refunded,1620.49
Card,Success,1873.74
Card,Success,4283.7
Card,Failed,3114.56
Cash,Success,2646.9
Card,Success,1939.12
UPI,Success,2569.66
UPI,Failed,4127.53
Cash,Failed,4168.21
UPI,Success,313.13
Cash,Success,982.04
Cash,Success,4071.37
Cash,Success,2690.55
UPI,Success,4546.64
Cash,Success,4563.18
Cash,Success,1177.13
UPI,Refunded,2684.87
Card,Success,325.04
Cash,Success,2587.06
UPI,Success,3459.49
Cash,Success,4062.07
Card,Success,2473.44
UPI,Success,236.79
Cash,Refunded,336.43
Card,Success,172.86
Card,Success,916.65
Card,Success,3335.1
Cash,Failed,2932.79
Card,Failed,1265.82
UPI,Success,3408.68
Cash,Success,1781.61
Cash,Success,2494.29
UPI,Success,1991.81
Cash,Success,4606.31
UPI,Success,2165.16
Card,Success,798.39
UPI,Success,1394.0
Cash,Success,337.36
Cash,Success,88.09
UPI,Success,4724.48
Cash,Success,4975.64
UPI,Success,462.38
Cash,Success,4950.16
Cash,Success,3516.28
Card,Success,2936.33
UPI,Failed,4776.68
Card,Success,2365.22
Cash,Success,4000.51
Cash,Success,670.75
Card,Success,333.74
Card,Success,2761.88
UPI,Success,2144.14
Cash,Success,3133.51
Cash,Success,3255.03
UPI,Success,2659.34
Card,Success,4863.22
Cash,Success,3909.4
Card,Success,530.7
UPI,Success,4727.29
Cash,Success,2229.89
UPI,Success,2776.0
Card,Success,4835.32
Cash,Success,4465.78
Card,Success,860.49
Cash,Refunded,2207.89
UPI,Success,4439.05
UPI,Success,4283.79
UPI,Success,1441.21
UPI,Failed,1020.96
UPI,Success,3635.51
UPI,Success,337.68
Cash,Success,3767.25
Cash,Success,209.47
Card,Success,180.85
Card,Success,4464.52
UPI,Success,526.19
Card,Success,1940.5
Card,Success,827.82
Card,Success,4476.65
Card,Success,3437.21
UPI,Success,4435.6
Cash,Failed,1813.56
Card,Success,3562.85
Card,Success,228.64
Card,Success,776.63
UPI,Failed,3870.29
Card,Refunded,4142.95
Cash,Success,4458.01
UPI,Refunded,3812.78
Cash,Success,2223.2
Cash,Success,2052.74
Card,Success,1879.73
Cash,Failed,4943.21
Cash,Success,3835.64
UPI,Success,3228.76
Card,Failed,554.85
Cash,Success,2888.65
Cash,Success,2149.17
Card,Success,2146.59
Cash,Success,3958.44
UPI,Success,1218.7
Card,Success,2860.11
Cash,Failed,1703.58
UPI,Failed,1919.05
Cash,Success,4364.07
Cash,Success,950.62
Card,Failed,863.09
Cash,Success,2973.86
Cash,Success,4445.74
UPI,Failed,2085.96
Card,Success,306.61
UPI,Success,3908.17
UPI,Success,2290.37
Cash,Success,3031.96
Card,Success,4812.45
UPI,Success,1422.73
UPI,Success,3918.42
Cash,Refunded,241.98
Cash,Success,1157.44
Cash,Success,2834.75
Cash,Success,1026.12
Card,Success,4781.3
Card,Success,4106.11
Cash,Success,3962.61
UPI,Success,449.9
UPI,Success,2411.38
Cash,Failed,4346.07
Card,Success,3347.29
Cash,Success,486.44
UPI,Failed,2024.19
Cash,Success,695.11
Cash,Success,3163.31
Card,Success,1307.86
Cash,Success,4078.55
Cash,Success,3815.59
UPI,Success,3936.05
Card,Success,2647.07
Card,Success,649.03
Cash,Success,3699.51
Cash,Success,2585.46
UPI,Success,4310.95
UPI,Success,4515.86
Cash,Success,1042.03
Card,Success,4654.79
Cash,Success,3074.05
Cash,Success,875.24
Card,Success,967.34
Cash,Success,2961.2
Cash,Success,3525.84
UPI,Success,2051.14
UPI,Refunded,825.08
UPI,Success,4131.55
UPI,Success,1332.77
Cash,Success,1628.82
UPI,Success,4894.99
Cash,Refunded,2125.55
Card,Success,2372.9
UPI,Success,3893.12
Card,Success,1921.33
Card,Success,1116.88
UPI,Failed,706.25
UPI,Success,136.78
Cash,Success,2450.14
Cash,Success,1877.68
UPI,Success,1174.73
Card,Failed,4246.42
Card,Success,1450.68
Cash,Success,133.41
Card,Success,1356.25
Cash,Success,831.97
UPI,Failed,3822.96
Cash,Success,2163.86
Cash,Success,1845.43
Card,Success,3407.54
Card,Success,1485.31
Card,Success,3721.33
Cash,Success,3936.58
Cash,Success,248.84
Card,Success,1255.47
Card,Success,4319.52
Cash,Success,2518.64
UPI,Success,2400.32
Cash,Success,2688.45
Cash,Success,3783.26
Card,Success,344.67
Card,Success,4347.39
Cash,Failed,3058.16
UPI,Success,2282.56
UPI,Success,705.97
UPI,Success,1184.91
Cash,Failed,2462.61
UPI,Refunded,2287.91
Card,Success,1701.69
Cash,Success,4584.39
Card,Success,2154.93
Cash,Success,1236.92
Card,Success,1319.7
Cash,Success,4021.13
Card,Success,4992.9
UPI,Success,1151.79
Card,Success,1644.39
UPI,Success,863.75
Card,Success,4802.69
Card,Success,704.64
Card,Success,4975.65
Cash,Success,1782.25
Card,Success,3773.06
Cash,Success,3869.8
UPI,Success,4480.86
Card,Success,893.93
Card,Success,168.27
Card,Success,1080.02
Card,Failed,4937.88
Card,Success,357.41
Cash,Success,1493.77
UPI,Success,1231.18
UPI,Success,1723.66
Card,Success,4749.34
UPI,Success,2693.63
UPI,Success,2216.23
UPI,Success,411.64
Cash,Success,595.17
UPI,Success,453.65
Card,Success,4650.22
UPI,Success,4949.1
Card,Success,4436.12
Cash,Success,4203.18
UPI,Success,4818.71
Card,Failed,4510.08
Cash,Success,4301.76
Cash,Success,2990.79
Cash,Success,4950.29
UPI,Failed,2269.58
UPI,Success,4190.31
Card,Success,1984.54
UPI,Refunded,4657.09
Cash,Success,373.4
Card,Success,2488.93
UPI,Refunded,1786.06
Card,Success,1513.13
UPI,Success,1949.13
Card,Success,283.0
UPI,Success,2127.16
Card,Success,1938.98
Card,Success,1525.51
Card,Success,637.52
UPI,Success,2465.86
Card,Success,3522.82
Card,Success,4157.04
Cash,Success,843.99
Cash,Success,3473.45
Card,Success,406.24
Cash,Refunded,2011.39
Card,Success,3404.66
Cash,Success,3309.85
UPI,Failed,4235.39
Card,Success,1265.1
Card,Success,1678.55
Cash,Failed,3045.28
UPI,Success,247.32
Cash,Success,2466.5
Card,Success,1852.16
Cash,Refunded,3209.73
Cash,Success,2771.71
UPI,Success,2045.37
UPI,Success,985.13
Cash,Success,2846.28
Cash,Success,260.1
Cash,Success,1732.3
Card,Success,1098.52
UPI,Success,1523.99
UPI,Success,4901.09
Card,Success,402.11
UPI,Success,2702.2
Card,Success,522.52
Cash,Success,3813.35
Cash,Success,2471.15
Card,Success,487.93
Cash,Success,2324.52
UPI,Success,3002.73
UPI,Success,468.28
UPI,Success,725.48
Card,Success,1926.25
Card,Success,3749.56
Card,Success,4701.99
Cash,Success,3435.99
Card,Success,3228.58
Card,Success,2597.03
Cash,Success,1300.19
Card,Success,785.1
Card,Success,4962.88
Card,Success,3222.66
Card,Success,4719.15
Card,Success,3385.19
Card,Success,2862.92
UPI,Success,2379.68
Cash,Success,4217.11
Card,Success,4280.14
Card,Success,3129.93
Card,Failed,3547.62
Card,Success,4013.98
Card,Success,4773.85
Cash,Success,3310.14
Cash,Success,3198.68
UPI,Success,3646.24
Card,Success,1591.91
Card,Success,3585.59
UPI,Success,338.71
Cash,Success,2527.09
Cash,Success,81.82
Card,Success,4120.92
Card,Success,2346.07
Card,Success,1796.26
Card,Success,4990.36
Cash,Success,274.32
UPI,Success,4527.74
Card,Success,3237.72
Card,Success,1634.6
Cash,Success,215.76
Card,Success,3093.61
UPI,Success,1802.48
Card,Failed,4427.56
UPI,Success,2131.99
Cash,Failed,4235.34
Cash,Success,2627.41
Card,Success,4929.6
Cash,Success,1331.09
UPI,Success,676.98
Cash,Success,3645.17
Card,Failed,2596.54
Cash,Success,2010.95
Cash,Success,4059.7
UPI,Success,3496.21
UPI,Success,3773.48
Cash,Success,4655.2
Cash,Success,2796.22
UPI,Success,3748.36
UPI,Success,3391.06
UPI,Success,2508.37
UPI,Refunded,3551.88
Card,Success,157.33
Cash,Success,3790.73
Card,Refunded,3243.08
Cash,Success,1866.1
UPI,Success,2916.64
Card,Success,1635.9
Card,Success,223.23
Cash,Success,4806.73
UPI,Failed,4113.15
UPI,Success,4752.64
Card,Success,2278.24
Cash,Success,1813.67
Card,Refunded,1366.25
Card,Success,3125.02
Card,Success,545.29
UPI,Success,2997.08
Cash,Failed,611.8
Cash,Success,4058.63
UPI,Success,1128.63
Cash,Failed,2590.08
Cash,Refunded,2928.07
UPI,Success,3107.71
UPI,Failed,100.21
Card,Success,4732.47
UPI,Success,120.6
Card,Success,117.74
Card,Success,3912.07
Cash,Success,4737.21
Card,Failed,4492.95
Cash,Success,4706.42
UPI,Success,1932.79
Card,Success,654.76
Card,Success,4532.72
Cash,Success,2484.39
Card,Failed,454.98
Cash,Success,897.46
UPI,Success,1114.55
UPI,Success,2281.28
Cash,Success,4549.52
UPI,Success,291.09
Card,Success,3118.15
Cash,Success,3596.5
Cash,Success,4940.54
Cash,Success,2990.43
Cash,Success,409.76
UPI,Success,1346.35
Card,Success,4257.79
UPI,Success,1866.52
UPI,Success,1526.93
UPI,Success,710.91
Cash,Success,1344.26
Card,Success,1746.34
Card,Success,2964.69
UPI,Success,779.39
Cash,Success,301.51
UPI,Success,1711.01
UPI,Success,4326.95
UPI,Success,4792.97
Card,Failed,3716.59
Card,Success,2378.48
UPI,Success,1663.97
Card,Success,4506.1
Cash,Failed,916.47
Cash,Success,1832.0
Cash,Failed,873.69
Card,Failed,1824.57
Cash,Success,664.22
Card,Success,2643.26
Card,Success,1263.64
UPI,Success,132.38
Card,Failed,3369.03
Card,Success,254.33
Cash,Success,3006.62
Card,Success,4614.1
UPI,Refunded,2682.43
Card,Success,4390.97
Card,Success,4135.18
Cash,Success,3677.62
Card,Failed,4430.96
UPI,Success,3563.63
UPI,Success,3338.3
Cash,Failed,1959.13
Cash,Refunded,1142.2
UPI,Success,1328.71
Card,Success,2013.11
UPI,Failed,4391.72
UPI,Success,385.64
UPI,Success,2718.33
UPI,Success,900.89
Card,Success,3157.41
UPI,Refunded,2315.92
UPI,Success,4265.98
UPI,Success,1550.62
Cash,Success,1380.9
Card,Success,4895.59
Card,Success,2798.47
Cash,Refunded,324.34
Card,Success,2108.05
Cash,Success,2977.49
Card,Refunded,3389.02
Card,Success,1549.12
Card,Success,4873.86
UPI,Success,4497.01
UPI,Success,1425.07
UPI,Success,922.21
Card,Success,4620.53
Card,Success,983.37
Cash,Success,3463.42
UPI,Success,4116.92
UPI,Success,4604.84
Card,Success,3626.33
UPI,Success,693.23
Cash,Success,4600.38
UPI,Success,2437.65
Cash,Success,4721.8
UPI,Success,3219.6
Cash,Success,1198.99
Cash,Failed,610.33
UPI,Success,892.73
Card,Success,4542.61
Card,Success,4836.36
Card,Success,4074.31
Cash,Success,3716.9
UPI,Success,1257.0
Cash,Success,778.9
UPI,Success,324.17
Cash,Success,1552.67
Card,Success,4297.85
UPI,Success,3344.72
UPI,Success,124.05
Cash,Success,3218.86
Cash,Success,769.52
Card,Success,2221.85
Card,Success,903.36
Card,Success,3233.49
Card,Failed,2447.78
UPI,Success,4381.24
Card,Success,1003.8
Card,Refunded,4213.01
UPI,Success,2827.35
UPI,Success,3762.61
Cash,Success,4076.91
Cash,Failed,4453.84
Cash,Success,242.46
Cash,Success,3040.06
Card,Refunded,416.8
UPI,Success,115.55
Card,Failed,3106.7
UPI,Success,133.93
Card,Success,4243.25
Card,Success,2809.65
Cash,Success,465.25
Card,Success,1930.95
UPI,Success,4520.71
UPI,Success,2130.57
UPI,Success,700.47
Card,Failed,3204.58
Card,Success,666.57
Card,Success,3180.43
UPI,Success,1801.65
Card,Success,4117.4
UPI,Refunded,1434.45
Card,Success,3604.93
Cash,Success,3637.2
Cash,Success,3650.75
Card,Failed,1936.32
Card,Success,1932.75
Cash,Success,105.62
Card,Success,4996.46
UPI,Success,2532.57
Cash,Success,1898.13
Cash,Success,295.91
Card,Success,1277.27
Card,Success,1239.02
Card,Success,1443.29
Cash,Success,1172.72
UPI,Failed,536.54
Cash,Success,3079.83
Cash,Refunded,208.03
Card,Success,3486.14
Card,Refunded,4645.37
Card,Success,4810.99
Cash,Success,1124.49
Cash,Success,4115.36
Card,Success,826.19
UPI,Success,2403.78
Cash,Success,1401.04
Card,Success,2209.44
Card,Success,2600.62
Cash,Success,2483.09
Card,Success,664.48
Card,Success,428.5
Card,Success,3600.3
UPI,Success,591.3
UPI,Success,1812.43
UPI,Failed,3962.44
Card,Success,2871.27
UPI,Success,3642.45
Card,Failed,3574.78
Card,Success,267.42
Cash,Success,598.81
Card,Success,1299.85
Card,Success,4698.49
Card,Failed,216.17
Cash,Success,4574.46
UPI,Success,76.92
UPI,Success,1069.11
UPI,Success,3513.7
UPI,Success,2893.21
Cash,Success,3601.02
Card,Success,4932.46
UPI,Success,1374.8
UPI,Success,2724.5
Cash,Success,2436.23
UPI,Failed,4754.57
Cash,Success,1041.34
Cash,Success,644.3
UPI,Success,2932.09
Card,Success,356.14
UPI,Success,4968.55
Cash,Success,735.91
Card,Success,3109.5
Card,Success,2292.78
Cash,Success,1677.36
UPI,Success,1782.14
Card,Success,1277.87
UPI,Success,210.94
Card,Success,2596.46
UPI,Success,2271.31
UPI,Failed,577.25
UPI,Refunded,4114.35
Cash,Success,4032.15
Cash,Success,63.02
Card,Success,605.19
Cash,Success,4380.48
Cash,Success,1652.4
Cash,Success,4953.8
Card,Success,2967.23
UPI,Success,3284.04
UPI,Failed,4161.39
Card,Success,4939.57
Cash,Refunded,2787.17
UPI,Success,4856.08
Cash,Success,2081.02
Card,Success,3951.2
Card,Failed,1821.13
UPI,Success,2402.1
Card,Success,2132.11
UPI,Success,68.2
UPI,Success,398.67
Card,Success,4253.31
Cash,Failed,2788.84
UPI,Success,2893.18
Cash,Success,4685.39
UPI,Success,1704.2
Cash,Success,1481.73
Cash,Success,269.8
Card,Success,1237.47
Card,Success,521.61
Cash,Success,4492.92
Card,Success,4605.55
Cash,Success,631.89
Cash,Failed,2604.37
Card,Success,2250.36
UPI,Success,551.37
Cash,Failed,2141.45
Cash,Success,2888.01
Card,Failed,86.44
Card,Refunded,3454.95
UPI,Success,3762.04
UPI,Success,4237.37
UPI,Success,343.84
Card,Success,2543.3
Cash,Failed,1922.99
UPI,Success,3863.85
Cash,Success,4305.07
Card,Success,1360.78
UPI,Success,226.46
UPI,Failed,1551.66
Card,Success,1784.31
Cash,Success,3558.83
Card,Success,4376.86
UPI,Success,2963.3
Cash,Success,1303.98
Card,Success,1562.66
Card,Success,4655.62
Card,Refunded,2740.73
Card,Failed,1833.11
UPI,Success,2349.77
Card,Success,1335.99
UPI,Success,431.15
Cash,Success,3528.53
Cash,Success,3060.68
Card,Success,2524.46
UPI,Success,2707.32
UPI,Success,303.94
UPI,Success,3990.78
Cash,Success,2751.9
Card,Success,2859.34
Cash,Success,506.99
Card,Failed,1813.71
UPI,Success,1499.39
Card,Failed,2149.82
Cash,Success,3288.48
UPI,Success,3862.22
Card,Success,111.56
UPI,Success,1370.96
UPI,Success,1657.91
Card,Success,2779.85
Card,Success,1059.43
Card,Success,3168.37
Cash,Success,1346.68
Card,Success,991.51
Cash,Success,1546.15
UPI,Success,111.23
Cash,Success,1881.55
Card,Success,4456.14
Card,Success,669.25
Cash,Success,3416.89
UPI,Success,2013.08
Cash,Success,4318.05
Card,Success,846.32
UPI,Success,1263.42
Card,Refunded,3521.73
UPI,Success,1280.78
Cash,Success,4930.19
Cash,Success,4066.67
Cash,Failed,4410.13
Cash,Failed,4871.45
Card,Success,2552.92
UPI,Success,859.38
Cash,Success,1862.16
Cash,Success,256.32
Card,Success,3552.29
UPI,Failed,4003.74
Cash,Success,2055.43
Cash,Success,2864.78
UPI,Success,4349.2
Card,Refunded,4269.92
UPI,Success,2431.88
UPI,Refunded,3396.16
Cash,Success,2990.86
Cash,Success,968.19
UPI,Success,925.1
Card,Success,3988.61
Cash,Success,4129.61
Cash,Success,4283.28
UPI,Success,3082.71
Cash,Success,1792.97
Card,Success,1264.98
Card,Success,1722.88
Cash,Refunded,1451.83
Cash,Success,755.46
UPI,Success,4929.91
Card,Success,634.5
Card,Refunded,4973.88
UPI,Success,2535.9
Cash,Success,4575.35
Cash,Refunded,3793.46
UPI,Refunded,611.57
Card,Success,3584.29
UPI,Success,1077.07
Card,Success,2138.53
UPI,Success,732.07
UPI,Success,4672.41
UPI,Success,495.34
Cash,Success,3374.14
UPI,Failed,3764.34
Card,Success,3447.6
Cash,Success,1021.07
Card,Success,1088.02
UPI,Success,1878.69
UPI,Success,4082.5
Cash,Success,1456.55
UPI,Success,2103.56
UPI,Success,1166.31
Cash,Success,2512.13
Cash,Failed,1331.48
Cash,Success,3000.49
Cash,Success,3221.36
UPI,Failed,2402.46
Cash,Success,4005.91
Cash,Success,3190.24
UPI,Success,4345.41
UPI,Failed,4456.15
Card,Success,3586.23
UPI,Success,4490.34
Card,Success,1500.71
Card,Failed,2460.13
Cash,Success,1257.0
UPI,Success,2938.41
UPI,Success,1616.04
Card,Success,725.37
Card,Success,1921.36
Card,Success,2272.24
Card,Success,607.39
UPI,Success,3746.81
UPI,Success,706.39
Card,Success,2288.14
Card,Failed,2890.82
Card,Success,352.57
UPI,Success,3516.14
UPI,Success,571.62
UPI,Success,3482.03
Card,Success,3449.25
Card,Success,4753.52
UPI,Success,3971.06
UPI,Success,1031.95
Cash,Success,4511.27
UPI,Success,3057.63
Card,Success,4119.05
Card,Success,69.75
UPI,Success,2937.31
Card,Success,1323.89
Card,Success,2314.97
Card,Success,3570.97
Card,Success,1554.63
UPI,Success,1767.02
UPI,Success,1567.17
UPI,Success,4247.99
UPI,Failed,208.7
UPI,Success,3874.13
UPI,Success,397.41
Card,Success,704.34
Cash,Success,4045.66
Card,Success,2458.61
Cash,Refunded,1330.25
Cash,Success,1516.48
Cash,Success,3675.32
Cash,Success,3130.27
Cash,Success,4389.43
UPI,Success,2116.48
UPI,Success,2296.53
UPI,Failed,222.44
Card,Success,2707.44
Card,Failed,2518.99
Card,Failed,359.42
Card,Success,4761.34
UPI,Success,3941.72
Card,Success,3497.44
UPI,Success,4685.4
UPI,Failed,1857.28
Card,Success,1365.09
Cash,Success,4050.27
Cash,Success,2656.65
UPI,Refunded,273.17
Cash,Success,3706.31
Card,Success,4652.17
UPI,Success,768.68
Cash,Success,2704.96
Card,Success,1887.36
UPI,Success,4156.64
Cash,Success,1919.09
Card,Success,562.11
Cash,Failed,3859.35
UPI,Success,565.81
Cash,Success,2749.56
Cash,Failed,304.33
Cash,Success,307.94
UPI,Success,224.42
Card,Success,444.33
UPI,Success,1662.44
UPI,Success,770.72
UPI,Success,485.41
UPI,Success,1626.99
UPI,Success,4722.87
Cash,Success,3846.39
Card,Success,3734.55
Card,Success,677.77
Cash,Success,3651.63
Cash,Success,109.06
UPI,Success,3116.16
Card,Success,1432.68
Card,Success,3018.44
Cash,Success,2286.51
UPI,Success,2372.41
Card,Success,312.77
UPI,Success,702.5
UPI,Success,1407.36
Cash,Success,2893.79
Cash,Success,1507.33
Cash,Success,1315.8
UPI,Success,4953.99
UPI,Success,4265.35
UPI,Success,70.63
Cash,Success,1756.92
Card,Success,769.47
Cash,Refunded,4890.82
UPI,Success,2217.5
Cash,Success,2505.91
UPI,Success,844.81
Card,Success,1026.16
UPI,Success,1615.23
Card,Success,807.66
Card,Success,2111.51
Card,Failed,372.42
UPI,Success,611.07
Cash,Failed,2840.63
Card,Success,3729.8
Card,Success,3410.28
Card,Success,3811.76
Cash,Success,3477.29
UPI,Success,4435.43
Card,Success,1419.44
Card,Success,1595.1
Card,Success,3281.32
Card,Failed,4396.25
Cash,Success,3507.68
Card,Failed,221.61
Card,Success,4093.47
Cash,Success,152.82
UPI,Success,4883.9
Cash,Success,4880.02
Cash,Refunded,219.4
UPI,Success,1792.92
UPI,Failed,234.4
Cash,Refunded,168.08
UPI,Success,814.49
Card,Success,3332.17
Cash,Success,4809.38
Cash,Success,4496.69
Cash,Success,4565.82
UPI,Success,1197.58
Card,Success,3293.09
UPI,Success,4204.54
UPI,Success,394.43
UPI,Failed,752.69
UPI,Success,2365.41
Card,Success,2857.07
Card,Success,3664.16
Card,Success,4010.42
UPI,Success,1710.3
Card,Success,996.25
Cash,Success,4861.49
UPI,Success,4225.05
Cash,Success,2804.19
Cash,Success,1085.61
Card,Success,2146.85
Card,Success,648.09
UPI,Success,4211.27
Card,Success,330.68
Card,Success,3211.44
Cash,Success,2335.31
Card,Success,4001.6
UPI,Success,4233.94
Card,Success,1275.9
Cash,Success,1364.17
UPI,Success,1382.92
UPI,Refunded,1890.16
Card,Refunded,4139.53
UPI,Success,4121.36
UPI,Success,496.2
UPI,Success,2251.35
Card,Success,3340.05
Cash,Success,1635.5
Card,Success,3983.44
Card,Success,3774.73
Cash,Success,1341.28
UPI,Success,4962.62
Cash,Success,1393.08
Card,Success,3499.69
UPI,Success,800.04
UPI,Success,1461.5
Card,Failed,1615.42
UPI,Success,2186.07
UPI,Success,2897.43
Card,Success,4501.89
UPI,Success,2957.94
Cash,Success,1445.22
Cash,Refunded,2454.22
UPI,Failed,3400.15
Cash,Success,1837.77
UPI,Success,3132.04
Card,Success,3830.1
UPI,Success,2374.22
Cash,Success,3441.09
UPI,Success,4514.4
UPI,Success,2287.99
Cash,Success,3427.73
Card,Success,3969.11
Cash,Failed,3565.42
Cash,Success,3480.56
Card,Success,1815.92
UPI,Success,4194.92
Cash,Success,63.56
UPI,Success,1869.72
Cash,Success,247.35
UPI,Success,2874.2
Card,Success,2596.26
Cash,Success,3921.86
Card,Failed,4199.23
Card,Success,4980.25
Card,Success,3042.21
UPI,Success,2965.25
Cash,Success,2069.94
Card,Failed,1286.69
UPI,Success,3976.45
Cash,Success,4579.05
UPI,Success,4889.24
Cash,Failed,3451.32
Cash,Success,3062.06
Card,Failed,2851.11
Card,Success,3128.65
Card,Success,3075.03
Card,Success,1941.02
Cash,Success,4097.43
Card,Success,2482.52
Cash,Failed,798.27
UPI,Success,3675.27
Cash,Failed,226.63
Card,Success,717.47
Card,Success,3581.43
UPI,Failed,3402.6
Card,Success,4204.61
UPI,Success,1016.9
UPI,Success,2854.05
Card,Failed,1248.33
Card,Success,1860.49
UPI,Success,851.36
Card,Refunded,3533.87
UPI,Success,4411.5
Cash,Failed,2447.98
UPI,Success,4019.09
Cash,Success,3334.34
Card,Success,4562.63
UPI,Success,3542.59
UPI,Success,1148.46
Cash,Success,2171.12
UPI,Success,972.54
UPI,Success,3470.68
UPI,Failed,4554.37
Card,Success,2031.37
Cash,Success,3961.88
Card,Success,2969.35
Card,Success,4444.62
Cash,Success,3944.01
UPI,Success,1904.42
Cash,Success,2196.76
UPI,Success,3170.05
UPI,Success,1933.87
Cash,Success,3785.56
Card,Success,462.88
Cash,Refunded,227.95
Cash,Success,2926.77
Card,Success,1469.54
Cash,Success,1283.34
UPI,Success,3831.0
Card,Success,4433.12
Card,Success,2935.79
Card,Success,1826.04
Cash,Failed,1005.64
Card,Success,4316.76
Cash,Success,2933.7
UPI,Success,3655.6
Card,Success,2314.99
Cash,Success,4546.05
Card,Success,281.17
UPI,Success,4400.59
Cash,Success,997.71
Cash,Failed,397.44
Cash,Success,2643.76
UPI,Failed,1844.24
Cash,Success,1338.09
Cash,Success,194.7
UPI,Success,2510.48
UPI,Success,3704.76
Cash,Success,4189.77
Cash,Success,2682.64
Card,Success,556.1
Cash,Success,3291.64
Card,Success,1307.19
UPI,Success,4852.43
UPI,Success,845.84
UPI,Success,2332.99
UPI,Success,212.4
Card,Success,2560.8
Cash,Success,738.86
Cash,Success,4985.95
Card,Success,582.42
Cash,Success,3176.51
Card,Success,2401.73
Cash,Success,192.11
Cash,Failed,1347.29
UPI,Success,614.0
Cash,Success,2220.06
Card,Failed,4580.11
Cash,Success,2406.94
UPI,Failed,1105.83
Cash,Success,4438.53
UPI,Success,746.92
Card,Success,3652.03
Cash,Refunded,3235.33
UPI,Success,1184.73
Card,Refunded,4484.36
UPI,Success,3135.23
Cash,Success,4115.81
Cash,Success,2346.17
Cash,Failed,1077.46
Cash,Success,1933.01
Cash,Success,2261.52
Card,Success,2424.15
Cash,Success,4796.94
Cash,Success,1025.56
Cash,Success,169.48
UPI,Success,1838.25
UPI,Failed,2763.72
Card,Refunded,4666.9
Cash,Success,2209.3
Cash,Success,2985.05
Cash,Success,3906.4
UPI,Success,121.27
Cash,Refunded,1645.63
UPI,Success,1601.44
Cash,Success,1512.33
Cash,Success,4320.3
Cash,Success,946.5
Cash,Success,2280.97
Card,Success,4448.51
UPI,Success,983.1
Card,Success,3298.88
Cash,Success,3764.05
Card,Success,3185.22
Cash,Success,1556.19
Cash,Success,4759.33
Card,Success,883.25
Card,Success,4999.67
Card,Success,1131.22
UPI,Success,988.94
Cash,Success,2284.6
Cash,Success,2628.59
Cash,Failed,1476.39
Card,Success,3238.59
UPI,Refunded,1574.12
Card,Success,781.09
UPI,Success,1559.21
Card,Success,2529.85
UPI,Success,1088.97
UPI,Success,1194.45
Card,Success,3425.12
UPI,Success,1272.74
UPI,Success,1016.69
UPI,Failed,2878.53
Card,Success,2646.08
UPI,Success,1451.66
Cash,Failed,3818.95
Cash,Success,3136.59
UPI,Success,3393.42
Cash,Success,4019.27
Card,Success,4313.89
Card,Success,72.04
Card,Success,4165.75
Cash,Success,3841.91
UPI,Success,577.07
UPI,Success,952.53
Cash,Success,3493.81
Card,Success,1321.21
Card,Success,4944.95
Cash,Success,2337.16
Card,Success,2025.39
Card,Success,3136.25
Card,Failed,3258.41
Card,Success,4556.46
UPI,Refunded,4191.05
UPI,Refunded,3650.67
Cash,Success,3593.83
Cash,Success,2286.52
Card,Success,3976.39
UPI,Success,1775.64
Cash,Success,1875.57
Cash,Success,3558.08
UPI,Success,3407.02
Card,Success,4184.87
UPI,Success,4840.9
Cash,Success,2184.23
Card,Success,575.06
Card,Success,4682.21
Card,Success,1190.88
Cash,Refunded,2228.05
UPI,Refunded,2570.91
Cash,Success,4413.24
Card,Success,278.09
Cash,Success,3775.35
UPI,Success,1239.53
UPI,Success,486.68
UPI,Success,2779.64
UPI,Success,3489.25
UPI,Success,4222.63
UPI,Success,4967.02
UPI,Refunded,711.42
Cash,Success,1967.28
UPI,Success,722.49
Card,Success,3343.35
Cash,Success,4815.95
Card,Refunded,418.27
Card,Success,1064.02
UPI,Success,2719.83
Card,Success,4662.24
Cash,Success,396.57
Card,Success,3691.78
Cash,Success,4912.9
Cash,Success,4089.73
Cash,Success,3956.18
UPI,Success,1892.98
Card,Success,4457.94
Card,Success,4252.43
Cash,Success,2725.38
UPI,Success,2401.81
UPI,Success,3984.07
Cash,Success,305.11
UPI,Success,2786.55
Card,Success,3133.69
Cash,Success,408.13
UPI,Failed,4592.63
Card,Success,4521.12
Cash,Success,4021.11
Cash,Success,1213.25
UPI,Success,781.32
Cash,Success,4457.56
Cash,Success,734.5
UPI,Refunded,2828.63
UPI,Success,4334.63
Cash,Success,2703.0
Cash,Success,2300.44
Card,Success,4254.69
Cash,Failed,3747.98
UPI,Success,3332.69
UPI,Success,1233.85
Card,Success,851.5
UPI,Success,2887.97
UPI,Success,2127.78
Cash,Failed,3858.52
UPI,Success,1236.84
Card,Success,2408.17
Cash,Success,3689.65
Card,Success,1446.31
UPI,Success,1774.48
Cash,Failed,685.6
UPI,Success,503.47
UPI,Success,3380.5
UPI,Success,4316.54
Cash,Success,1402.53
Card,Failed,2299.8
UPI,Success,4091.29
Card,Success,4830.47
Cash,Success,1108.0
Card,Success,2718.66
Card,Success,879.47
Cash,Success,3372.17
UPI,Success,4025.89
UPI,Success,4707.9
UPI,Refunded,4184.79
Card,Failed,532.75
Cash,Success,2539.22
Card,Success,4362.83
UPI,Success,1653.4
UPI,Success,3626.99
UPI,Success,2296.57
UPI,Refunded,3915.2
Card,Success,3915.99
UPI,Success,254.32
UPI,Success,775.65
Cash,Success,4761.79
Cash,Success,2868.33
Card,Success,809.99
Cash,Success,803.17
UPI,Success,3262.86
Cash,Success,1870.03
UPI,Success,990.31
UPI,Success,2095.05
UPI,Success,3211.11
Card,Failed,2180.55
Cash,Success,1220.98
Card,Success,4837.27
Card,Success,307.28
UPI,Success,261.26
Card,Failed,3428.28
UPI,Success,2873.97
Cash,Failed,3100.89
UPI,Success,1233.26
Cash,Success,1166.78
UPI,Failed,1949.19
UPI,Success,1921.46
UPI,Success,382.66
Cash,Success,2466.03
UPI,Success,1337.95
UPI,Success,3188.01
Cash,Success,1305.54
Card,Failed,2352.64
Card,Failed,2978.57
UPI,Success,2910.29
Card,Success,1256.07
Cash,Success,2112.29
Cash,Success,128.1
Card,Success,3748.51
Card,Success,1642.11
Card,Success,4266.85
Card,Failed,4207.51
Card,Success,2518.27
Card,Success,4922.42
UPI,Success,121.57
UPI,Success,3135.3
Cash,Success,3187.53
UPI,Success,3358.33
Card,Success,2259.34
Cash,Success,3141.49
UPI,Success,4821.3
Cash,Success,4774.67
Cash,Failed,4175.3
UPI,Success,3290.99
Cash,Success,643.27
UPI,Success,4558.26
UPI,Success,887.5
Cash,Success,2589.18
Card,Success,4672.98
Card,Success,1208.33
Card,Success,1816.33
UPI,Success,281.46
UPI,Success,4858.97
Card,Success,2146.27
Cash,Success,4886.75
UPI,Success,3095.42
UPI,Failed,2752.68
Card,Success,3686.84
UPI,Success,1671.8
Card,Success,1056.09
Cash,Success,4796.36
UPI,Success,237.32
Card,Success,2807.76
Card,Success,4643.82
Cash,Refunded,4226.95
Card,Success,4096.55
Card,Success,1594.21
Cash,Success,2850.08
Cash,Success,559.21
UPI,Success,4749.65
UPI,Failed,1674.47
Card,Failed,580.45
UPI,Success,3001.28
UPI,Success,4664.59
Cash,Failed,3217.5
UPI,Success,1844.16
Cash,Success,1466.73
Card,Success,1473.68
UPI,Success,1727.64
Card,Success,2946.55
UPI,Success,2025.03
Cash,Success,4105.5
UPI,Failed,191.26
UPI,Success,2303.04
Card,Success,1817.06
Cash,Refunded,4393.47
Cash,Success,1634.65
Cash,Success,754.78
Card,Success,3506.4
Cash,Success,523.28
UPI,Success,1935.83
Cash,Success,2199.21
Cash,Success,4253.4
UPI,Success,365.32
UPI,Refunded,2329.45
Card,Success,917.15
Card,Success,3939.5
Cash,Success,57.88
Card,Failed,1069.27
UPI,Failed,1586.81
Cash,Success,4399.14
Card,Success,2980.92
UPI,Refunded,3737.83
Cash,Success,1188.13
UPI,Success,2365.82
Cash,Success,4391.51
UPI,Success,4486.04
Card,Failed,2515.5
UPI,Success,4702.48
Card,Success,2042.81
Cash,Failed,1787.58
Card,Success,2044.17
Card,Success,1925.01
Card,Failed,3022.38
Cash,Success,887.62
Cash,Success,3063.73
UPI,Success,1268.14
Cash,Failed,1785.62
Card,Success,1757.42
UPI,Success,3912.17
Cash,Success,4610.14
UPI,Success,156.14
Cash,Success,1352.04
Card,Success,572.73
UPI,Success,776.27
Cash,Success,4304.5
Card,Success,4148.63
Cash,Success,3314.59
Cash,Success,3245.24
Card,Success,4824.78
Card,Failed,1048.56
Cash,Refunded,3761.82
Card,Success,4699.66
UPI,Success,2764.86
UPI,Success,425.49
Cash,Success,2718.54
Cash,Success,3759.58
Card,Success,2944.95
UPI,Success,3129.4
Card,Success,3409.39
Card,Success,2916.43
Card,Success,4187.04
Cash,Refunded,195.99
UPI,Success,1629.15
Cash,Success,3603.74
Card,Success,3828.65
UPI,Success,4942.86
Cash,Success,2504.16
UPI,Success,4713.19
UPI,Success,1764.18
Card,Failed,777.11
UPI,Success,1699.53
UPI,Success,1856.51
Card,Refunded,4755.67
Cash,Success,3359.62
Card,Success,2485.32
Cash,Refunded,1060.22
Cash,Success,1332.14
UPI,Failed,1439.23
UPI,Success,774.81
Cash,Success,2788.44
Card,Failed,3811.73
UPI,Failed,1098.51
UPI,Success,4902.88
UPI,Success,1903.69
Card,Failed,2518.16
Card,Success,3139.57
Card,Success,4422.73
Cash,Success,3981.57
Cash,Success,1995.87
Card,Success,4943.5
UPI,Success,3641.43
Cash,Success,1448.32
Cash,Success,446.06
UPI,Success,333.69
Cash,Refunded,1111.56
UPI,Success,108.45
UPI,Success,3796.32
UPI,Failed,2816.13
Cash,Success,351.8
Card,Refunded,2315.02
UPI,Success,3982.59
Card,Success,1406.37
Card,Success,1922.48
UPI,Failed,3210.48
Card,Failed,1612.85
Card,Success,2817.28
Card,Failed,483.44
UPI,Success,4162.38
Cash,Success,3786.05
Card,Success,3612.45
Cash,Success,3991.34
Card,Success,2104.66
Card,Success,310.8
Card,Success,564.24
UPI,Success,2062.61
Cash,Success,1763.39
Cash,Success,3819.71
Card,Success,4805.41
UPI,Success,1873.17
Card,Success,2025.94
Cash,Success,3279.07
Card,Success,537.41
Card,Failed,1194.23
Cash,Failed,2241.06
Cash,Success,3319.33
Card,Success,2580.42
UPI,Success,4785.96
Card,Success,2451.21
Card,Success,3566.27
UPI,Success,1912.34
Card,Success,4165.75
Card,Success,4690.21
Card,Success,598.18
Card,Success,2550.24
UPI,Success,3162.07
Card,Success,436.45
Card,Success,118.17
UPI,Success,89.95
Cash,Failed,3067.2
Cash,Success,1041.51
Card,Success,2980.2
UPI,Failed,3320.94
UPI,Success,1476.63
UPI,Success,3290.43
UPI,Failed,1877.59
Cash,Success,450.3
Card,Success,4649.62
Card,Success,3953.95
UPI,Success,820.34
UPI,Refunded,2125.25
Card,Success,2590.87
Card,Success,2965.76
Cash,Success,952.21
Card,Success,3571.66
UPI,Success,2822.44
UPI,Success,507.77
Cash,Success,1411.21
Card,Success,4595.4
Card,Success,4751.68
Card,Success,3451.87
UPI,Success,4373.27
UPI,Success,4070.38
Cash,Success,3822.12
Cash,Refunded,1317.97
Card,Success,4575.93
Card,Success,100.64
Card,Success,755.19
Cash,Success,1200.45
Card,Success,913.31
Card,Refunded,4829.38
Card,Success,4991.48
Card,Success,654.2
Cash,Success,3084.81
UPI,Success,4056.31
Card,Success,3799.16
Cash,Success,3612.47
Cash,Success,712.56
Cash,Success,2856.07
UPI,Success,4103.93
Cash,Success,2515.81
Cash,Success,2259.05
UPI,Success,1330.93
Card,Failed,779.41
Cash,Success,4933.08
Card,Success,223.0
Cash,Success,313.92
UPI,Success,2936.37
Card,Success,923.54
Card,Success,1722.92
Cash,Success,2064.48
Card,Success,796.42
UPI,Success,147.39
UPI,Success,1332.81
Cash,Success,1816.59
Cash,Success,2327.73
Card,Success,3662.87
Cash,Success,4632.58
Cash,Success,735.48
Card,Success,4339.91
UPI,Refunded,3539.48
Card,Success,238.28
Cash,Success,3319.74
UPI,Success,1471.44
Card,Refunded,4052.12
Card,Success,2840.15
Cash,Success,1318.45
UPI,Success,4583.09
Card,Success,959.78
UPI,Failed,3797.4
UPI,Success,4231.2
Cash,Success,3987.88
Card,Success,1325.12
Cash,Success,3788.86
Card,Success,1062.66
Cash,Success,2255.8
Cash,Success,89.1
Cash,Success,1628.14
Cash,Failed,2167.02
Card,Success,388.44
Card,Success,4090.85
Card,Success,4385.46
Cash,Success,2574.98
Cash,Success,3361.52
Cash,Success,3140.08
Card,Success,2063.38
Card,Success,1264.7
Cash,Success,4032.56
UPI,Failed,2191.49
Card,Success,2093.5
UPI,Failed,4870.38
UPI,Success,2273.28
Card,Success,1686.03
Card,Success,2434.1
UPI,Success,4170.46
Card,Success,798.48
Cash,Refunded,1285.53
Card,Success,3807.83
Card,Success,2460.19
UPI,Success,2637.65
Cash,Failed,4508.17
UPI,Success,2137.81
Card,Success,1010.9
Cash,Success,2035.88
Cash,Refunded,2468.06
Card,Success,1701.61
Cash,Success,2169.52
UPI,Success,3241.15
UPI,Success,617.95
Cash,Success,914.68
UPI,Success,2591.42
Card,Success,232.23
Cash,Success,1011.74
Cash,Refunded,2863.2
UPI,Success,543.56
Cash,Success,2071.65
Cash,Success,68.55
Card,Success,865.67
Cash,Failed,4530.75
UPI,Success,1298.92
Card,Success,3774.39
Cash,Success,2318.64
UPI,Success,3158.94
Cash,Success,1540.79
Card,Success,3758.98
UPI,Success,3300.66
Cash,Success,2438.17
Card,Success,1885.47
Cash,Success,1743.44
UPI,Success,4441.34
Cash,Success,3976.13
UPI,Success,2019.61
Cash,Success,564.25
Cash,Success,469.18
Cash,Success,3320.38
UPI,Success,3258.53
Card,Success,3000.62
UPI,Success,1247.68
Card,Success,851.81
Cash,Success,1026.39
Card,Success,3545.41
Cash,Success,329.03
UPI,Success,2570.01
UPI,Success,2499.97
UPI,Success,3306.72
UPI,Failed,4715.7
UPI,Success,1087.49
Cash,Failed,521.56
Cash,Success,1132.94
Card,Success,465.48
Card,Failed,1196.69
Card,Success,1752.65
Cash,Refunded,3176.42
Card,Refunded,3793.25
Card,Refunded,1294.77
UPI,Success,1144.16
UPI,Success,4707.63
Card,Success,3491.27
Card,Success,2105.31
Card,Success,632.7
Card,Success,1318.35
Card,Failed,2153.65
UPI,Success,3337.53
Card,Success,760.15
Cash,Failed,717.54
Cash,Failed,4487.02
UPI,Success,4476.62
Cash,Success,610.81
UPI,Refunded,4195.93
UPI,Success,4609.08
UPI,Success,2559.34
UPI,Success,1413.4
Card,Refunded,2189.85
UPI,Success,1488.17
Card,Success,1502.04
Cash,Success,3383.17
Cash,Success,781.12
Cash,Success,2268.18
Cash,Success,3213.28
UPI,Success,670.75
Cash,Failed,4627.72
UPI,Success,2473.8
UPI,Success,3565.82
UPI,Success,4432.61
Card,Success,2746.69
Card,Success,3071.8
Card,Failed,3704.53
Cash,Success,3945.88
UPI,Failed,215.29
UPI,Failed,434.76
Card,Success,325.97
Card,Success,1426.54
Card,Success,2370.23
Cash,Success,843.22
Cash,Success,3129.56
Cash,Success,2296.15
Cash,Success,4981.16
Cash,Success,3256.0
UPI,Success,2953.65
UPI,Success,4520.62
Card,Success,1480.14
UPI,Refunded,1147.53
UPI,Success,1817.1
Cash,Success,3299.18
Card,Success,2914.27
Card,Success,4374.85
Card,Failed,3687.6
Cash,Success,1008.84
Cash,Success,1059.35
Card,Success,4739.92
UPI,Success,1900.6
Cash,Success,637.24
UPI,Success,1664.4
Card,Success,1594.62
Cash,Success,3808.88
Card,Success,3502.69
Card,Success,1798.79
UPI,Success,2982.9
Card,Success,3861.93
UPI,Success,4019.22
UPI,Success,126.89
Card,Success,937.32
Card,Success,1448.91
Cash,Success,1197.22
Cash,Refunded,2917.97
Cash,Refunded,1838.9
UPI,Success,1224.16
UPI,Refunded,1950.99
UPI,Success,3670.9
Cash,Success,3113.68
Card,Failed,4856.27
Card,Success,3655.41
Cash,Success,631.16
Cash,Success,3624.77
Card,Failed,408.39
Card,Success,1955.72
UPI,Success,2653.11
Cash,Success,3583.72
Card,Success,579.44
UPI,Success,3886.1
Cash,Success,1385.33
Card,Success,1700.28
UPI,Success,3279.19
UPI,Success,4868.72
Card,Success,997.5
Card,Success,2195.77
UPI,Failed,3544.56
UPI,Success,4774.1
Cash,Success,2329.31
Cash,Success,1713.87
Card,Failed,1592.75
Cash,Success,352.29
UPI,Success,4445.43
Cash,Success,258.6
UPI,Success,1835.21
Card,Success,826.37
UPI,Failed,666.74
Cash,Success,2330.6
Cash,Refunded,4907.66
Card,Failed,1504.8
Card,Success,2977.16
UPI,Success,2275.87
Cash,Success,2427.58
Card,Success,3553.95
UPI,Success,1478.14
UPI,Success,4438.3
UPI,Success,1097.41
Cash,Success,534.84
Card,Success,1119.03
UPI,Success,3046.83
UPI,Success,4261.64
UPI,Success,3278.25
Cash,Success,1289.04
Cash,Success,845.82
Cash,Success,3714.47
Cash,Success,3052.39
UPI,Failed,3320.19
UPI,Success,1219.84
Cash,Success,4438.38
UPI,Success,4329.33
Card,Success,1146.83
Cash,Success,4168.01
Card,Success,4055.47
UPI,Success,2141.73
Cash,Success,3323.31
Card,Success,2815.74
Cash,Success,3951.79
Cash,Success,913.62
Cash,Success,960.11
Cash,Success,4527.65
Cash,Success,1664.01
UPI,Success,347.03
Card,Success,129.08
Cash,Failed,3615.83
Cash,Success,3149.55
UPI,Success,2691.82
Cash,Success,3323.03
Card,Success,3707.13
Cash,Success,767.03
Cash,Success,1730.16
Card,Success,2772.58
Cash,Success,224.91
Card,Success,4516.5
Cash,Refunded,4102.75
Card,Success,4741.29
UPI,Success,4070.26
Cash,Success,1069.74
Card,Success,3510.31
Card,Success,4526.87
Card,Success,764.57
Cash,Refunded,659.75
Card,Success,4541.5
Cash,Success,4990.14
Cash,Success,4306.98
Cash,Success,3995.35
UPI,Success,144.19
Cash,Success,1355.49
Cash,Success,4963.13
Card,Success,2088.92
UPI,Success,4263.09
Card,Failed,358.82
Card,Success,507.4
UPI,Success,806.49
Cash,Success,2709.7
UPI,Success,3660.6
Cash,Success,3232.2
Card,Failed,377.8
UPI,Success,821.01
UPI,Success,2680.15
UPI,Success,167.08
UPI,Success,420.34
UPI,Success,1156.83
Card,Success,2543.02
UPI,Refunded,4119.74
UPI,Success,2680.67
Cash,Success,1237.22
Cash,Success,2300.25
Card,Success,2899.9
Cash,Success,1875.12
Card,Success,2121.02
UPI,Success,3609.39
UPI,Success,2497.05
Cash,Success,1081.84
UPI,Success,4787.86
UPI,Success,4637.27
Cash,Success,1336.25
Cash,Success,560.49
Cash,Success,2367.97
Card,Failed,3748.87
UPI,Failed,4939.61
Card,Success,1733.11
UPI,Success,1086.25
Card,Success,2365.69
UPI,Success,2092.26
UPI,Success,4193.28
UPI,Success,1455.52
UPI,Refunded,2867.25
UPI,Success,4728.17
UPI,Success,3798.02
Cash,Refunded,2343.06
UPI,Success,1010.8
UPI,Success,934.36
Card,Success,2589.21
Card,Success,4530.99
Cash,Success,3821.5
Card,Success,490.05
UPI,Success,4649.02
Card,Success,2694.07
UPI,Success,4456.14
UPI,Success,3886.82
UPI,Success,3164.52
Cash,Success,1825.59
Cash,Success,4308.09
Card,Success,1256.8
Card,Success,3230.72
UPI,Failed,1148.17
UPI,Success,1662.98
UPI,Success,2457.82
UPI,Success,1251.22
UPI,Success,3104.9
UPI,Refunded,341.26
Cash,Success,1602.32
Card,Success,4934.32
Card,Success,3351.55
Card,Failed,3919.99
Cash,Success,1376.34
UPI,Success,3363.17
Cash,Failed,547.6
Card,Success,1435.15
Card,Success,3344.39
Card,Success,2119.34
Card,Refunded,148.76
UPI,Success,4943.87
Card,Success,4650.29
UPI,Success,2045.87
Card,Refunded,2838.6
Card,Success,4312.37
Card,Success,3483.25
Cash,Failed,2431.67
Card,Success,4002.78
Cash,Success,4698.7
Cash,Success,1672.94
UPI,Failed,4584.1
Cash,Success,145.67
Cash,Success,4007.98
Cash,Success,4120.27
UPI,Success,4035.42
UPI,Success,3887.02
Cash,Success,3841.07
Cash,Success,2602.33
Cash,Success,4222.1
Card,Success,684.52
Card,Success,2639.12
UPI,Success,4508.6
UPI,Success,4734.44
UPI,Success,4586.29
UPI,Success,3469.68
Cash,Failed,2887.64
UPI,Success,4117.23
Card,Failed,635.81
UPI,Success,4833.03
UPI,Success,4399.18
Card,Success,1783.4
Cash,Success,3420.66
Cash,Success,2195.96
UPI,Refunded,753.78
UPI,Success,1262.27
UPI,Success,4891.41
UPI,Success,2260.52
Cash,Success,4193.04
Card,Success,1109.65
Cash,Success,3491.72
Cash,Success,2045.16
Cash,Success,1246.85
Cash,Success,779.53
UPI,Success,4123.69
UPI,Success,3048.48
Card,Success,3039.32
UPI,Failed,1535.56
UPI,Success,4559.66
Cash,Success,3213.78
UPI,Success,885.31
Cash,Failed,3831.47
Cash,Success,1045.97
Cash,Success,1482.19
Card,Success,310.53
UPI,Success,2256.07
Card,Success,529.48
UPI,Success,3325.53
Card,Success,1646.5
UPI,Success,756.95
UPI,Success,1626.48
Card,Success,3263.92
UPI,Success,3629.45
Card,Success,2528.22
Card,Success,1878.21
Cash,Refunded,4310.76
Card,Success,3745.61
Card,Success,4893.81
Cash,Success,694.76
UPI,Success,2150.72
Cash,Success,881.39
Card,Success,4928.81
UPI,Success,706.39
Cash,Success,2203.12
Card,Refunded,1201.28
Cash,Success,2474.99
UPI,Success,4436.69
Card,Success,4080.49
Cash,Success,1179.62
Cash,Success,984.19
Cash,Success,1412.73
UPI,Success,4761.23
Card,Success,616.9
Card,Success,1545.96
UPI,Success,742.04
Card,Refunded,3242.86
Cash,Failed,2969.25
UPI,Success,870.34
UPI,Success,1042.03
UPI,Success,241.02
Cash,Success,225.23
Card,Success,1153.96
Card,Success,826.46
UPI,Success,242.39
Card,Success,736.5
UPI,Success,1117.76
Cash,Success,3385.03
Card,Success,2175.07
Cash,Success,438.06
Cash,Success,1014.76
UPI,Success,2252.59
Cash,Success,2237.03
UPI,Success,2221.1
Cash,Success,1710.17
Card,Success,3833.12
Cash,Success,4862.99
Cash,Success,3386.51
UPI,Success,3777.64
UPI,Failed,3750.61
UPI,Success,2709.04
Cash,Success,3091.87
Cash,Success,3119.53
Cash,Refunded,2314.08
Card,Success,54.14
Card,Success,4386.26
UPI,Success,3531.35
UPI,Success,2182.88
UPI,Success,3432.61
Cash,Success,4422.16
Card,Success,540.15
Cash,Success,2303.04
Cash,Success,2214.67
Card,Success,444.07
Card,Success,4118.41
UPI,Failed,2792.91
Cash,Failed,1633.11
UPI,Failed,98.69
Card,Failed,93.04
Cash,Failed,2269.02
Card,Success,336.54
Card,Success,3717.69
Cash,Success,4030.79
UPI,Success,2342.03
Cash,Success,3414.34
Cash,Success,4870.46
Card,Success,4987.26
UPI,Success,686.03
Cash,Success,4120.23
Cash,Refunded,3545.53
UPI,Success,2544.03
Card,Success,582.85
Card,Success,791.85
Cash,Success,3845.02
UPI,Success,3945.94
Cash,Refunded,251.41
UPI,Success,125.09
UPI,Failed,1510.37
UPI,Success,2917.52
Card,Success,3125.1
UPI,Success,2859.93
UPI,Success,947.65
UPI,Success,2560.48
Card,Success,3978.19
UPI,Success,818.99
Card,Failed,424.24
Cash,Success,990.06
Cash,Success,268.68
Card,Success,1523.17
Cash,Success,1116.34
Card,Success,268.2
UPI,Success,63.48
Card,Refunded,3008.8
Cash,Success,1118.22
Card,Success,3628.46
UPI,Failed,786.0
UPI,Success,2279.09
UPI,Success,175.27
Cash,Success,1703.4
Cash,Refunded,3375.25
UPI,Success,3650.89
Card,Failed,2941.24
Card,Failed,2626.53
UPI,Success,3992.3
UPI,Failed,4680.38
Card,Refunded,4222.3
Card,Success,3216.92
Cash,Success,4142.11
Card,Success,2607.45
UPI,Refunded,4988.41
Card,Success,4996.28
Cash,Success,241.0
Card,Success,2388.29
Cash,Success,1666.16
UPI,Success,956.2
Card,Success,4221.34
Card,Failed,56.12
Cash,Success,814.07
UPI,Success,1266.18
Cash,Success,1034.28
Card,Success,3902.85
UPI,Success,2653.06
Cash,Success,3960.91
Cash,Success,1816.14
Card,Success,4251.94
Cash,Success,4665.31
Card,Success,1396.07
UPI,Success,3500.34
UPI,Failed,335.59
Card,Success,2779.99
Card,Success,1250.35
UPI,Success,1156.27
Card,Success,1190.34
Cash,Success,3475.23
Card,Success,2413.67
Card,Success,1705.58
Card,Refunded,230.38
Cash,Success,1290.18
UPI,Success,3873.33
Card,Success,3045.38
UPI,Success,2912.36
Card,Success,1234.61
UPI,Success,4867.23
UPI,Success,445.06
Cash,Success,3553.77
UPI,Success,260.77
UPI,Failed,4883.28
UPI,Success,3904.02
Card,Success,1423.58
Card,Failed,2969.55
Cash,Success,2204.03
Cash,Failed,4619.84
Cash,Success,4933.76
Card,Success,4965.02
Cash,Success,3667.58
UPI,Refunded,113.05
Cash,Success,2006.56
UPI,Success,1585.92
Card,Success,794.13
Cash,Success,2553.1
UPI,Success,2272.02
UPI,Success,2415.25
UPI,Success,598.24
Card,Success,675.92
Cash,Success,889.75
Cash,Success,3519.81
Cash,Success,984.89
Card,Success,2688.1
Cash,Success,2045.1
UPI,Success,2875.25
Cash,Success,1086.63
UPI,Success,4815.2
UPI,Success,1605.16
UPI,Success,4308.42
UPI,Success,1146.18
Card,Success,1902.35
Cash,Success,3262.08
Cash,Success,2384.93
Cash,Success,4730.01
Cash,Success,4848.79
UPI,Success,4391.45
Cash,Failed,4145.44
UPI,Success,3603.53
Card,Success,3984.91
UPI,Success,3740.28
Cash,Refunded,3082.68
UPI,Success,1446.16
Card,Success,4367.83
Cash,Failed,2479.41
UPI,Failed,2907.02
Card,Success,3842.69
Card,Success,4220.39
UPI,Failed,445.07
Card,Success,4186.78
UPI,Success,4444.39
UPI,Success,958.07
Card,Success,4311.91
UPI,Success,2554.98
Card,Success,3798.67
Card,Success,3607.75
Cash,Success,2471.04
Cash,Success,1216.44
Cash,Failed,449.84
UPI,Success,4702.1
Cash,Success,1703.63
Cash,Success,2254.36
UPI,Success,939.8
UPI,Success,927.79
UPI,Success,2465.83
UPI,Refunded,2971.0
Cash,Success,2774.76
UPI,Success,71.99
UPI,Failed,4735.61
Card,Success,2617.88
UPI,Success,1634.78
UPI,Success,321.56
UPI,Success,3971.85
Cash,Success,1491.28
Cash,Success,2921.96
Card,Success,4878.9
UPI,Success,4913.07
Card,Refunded,4094.85
UPI,Success,4500.04
UPI,Refunded,4532.2
UPI,Failed,2655.12
UPI,Success,3941.24
Cash,Success,2879.83
Card,Success,213.02
Cash,Success,4955.04
Cash,Success,3128.31
Cash,Success,896.55
Cash,Success,4878.89
Card,Failed,3793.73
UPI,Success,2789.43
UPI,Success,4423.1
Card,Success,2857.74
Cash,Success,79.28
UPI,Success,1451.4
UPI,Success,990.15
Card,Success,347.92
Cash,Success,1423.97
Card,Success,821.95
UPI,Failed,4612.57
Cash,Success,311.02
Card,Success,3592.26
Cash,Refunded,2294.26
Cash,Success,412.59
UPI,Success,156.49
Cash,Success,947.02
Card,Success,1612.13
UPI,Success,3108.53
UPI,Failed,3262.12
Cash,Refunded,777.11
UPI,Success,1995.98
Card,Success,1036.86
UPI,Success,2130.36
UPI,Failed,4142.34
Cash,Failed,63.04
UPI,Success,2133.78
Card,Success,220.62
Cash,Success,1792.42
Cash,Success,4762.6
UPI,Success,4213.43
UPI,Success,1278.28
Card,Success,838.35
UPI,Success,299.06
UPI,Success,4483.0
Cash,Success,3717.42
Cash,Success,2265.05
Cash,Success,3192.34
Card,Success,4077.65
UPI,Success,1170.43
UPI,Success,4807.29
UPI,Success,3570.59
UPI,Success,1190.16
UPI,Success,2336.41
UPI,Success,4426.12
UPI,Failed,3948.38
UPI,Success,1058.19
Cash,Success,2667.12
Card,Success,1487.06
Card,Success,4647.11
UPI,Refunded,2441.72
UPI,Success,846.4
Card,Failed,612.0
Card,Success,1122.52
Cash,Success,369.51
UPI,Success,3643.76
UPI,Success,2651.39
Cash,Success,4413.57
Cash,Failed,152.01
Card,Success,280.67
Cash,Failed,3533.02
Card,Success,1050.82
Card,Success,1791.33
UPI,Success,3200.19
UPI,Success,770.97
UPI,Success,3081.09
Card,Success,993.3
UPI,Success,4697.86
UPI,Success,4227.5
Cash,Success,830.99
UPI,Success,2623.19
Card,Success,1005.11
Cash,Failed,644.99
Cash,Success,3218.88
Cash,Success,4280.54
Card,Success,3431.26
Card,Success,3320.25
Cash,Success,2485.36
Card,Success,1976.69
UPI,Success,4927.98
UPI,Success,1195.06
Cash,Success,4256.02
UPI,Success,4324.04
Card,Success,2208.29
Cash,Failed,1721.72
UPI,Success,3978.68
Cash,Success,1516.02
Cash,Success,3710.23
Card,Success,378.17
Cash,Success,4715.57
UPI,Success,1104.6
Cash,Success,1522.9
Card,Success,832.22
Cash,Success,632.56
UPI,Success,85.31
Card,Success,1930.18
Card,Success,2763.78
Card,Success,3596.57
Card,Success,1871.4
UPI,Success,869.45
Cash,Success,4836.38
Cash,Success,1824.85
Card,Success,4282.99
Cash,Success,1424.49
Card,Success,2403.46
Card,Success,2860.3
Cash,Failed,562.48
Cash,Success,4836.89
Cash,Success,3079.1
UPI,Success,3508.3
Card,Success,1523.53
Card,Success,1389.22
UPI,Success,1788.4
Cash,Success,3444.86
Card,Success,1382.52
Cash,Success,3091.23
Cash,Success,3739.76
UPI,Success,1267.47
UPI,Success,1432.03
Card,Success,2373.69
UPI,Success,1142.64
Cash,Success,2089.68
Card,Failed,2660.54
Card,Success,3851.95
UPI,Success,4014.29
UPI,Success,4572.72
Card,Success,1686.83
Cash,Failed,70.68
Card,Success,3093.83
Card,Failed,4072.25
Card,Success,1934.57
Cash,Success,3770.35
UPI,Failed,1403.42
Cash,Success,4646.27
Cash,Success,4720.07
Cash,Success,3493.56
Card,Success,1575.32
Cash,Success,3237.77
Cash,Success,4518.93
UPI,Success,974.85
Card,Success,4257.4
UPI,Success,694.47
Card,Failed,1347.33
UPI,Success,752.54
Cash,Failed,1757.16
Cash,Refunded,1705.29
Cash,Failed,4332.9
UPI,Success,2488.15
Cash,Success,477.33
Card,Success,901.61
Cash,Success,1565.65
Card,Success,3714.24
Card,Success,2479.49
Cash,Success,1892.75
UPI,Failed,1610.45
Cash,Failed,3558.2
Card,Success,3275.31
Card,Refunded,3334.01
Cash,Success,2737.16
UPI,Success,4237.51
UPI,Success,4992.39
UPI,Success,1939.29
UPI,Success,2038.79
Card,Success,1660.71
UPI,Success,2362.51
Cash,Success,4301.3
UPI,Success,432.04
UPI,Failed,3942.25
Card,Success,1757.31
UPI,Success,4511.06
Card,Success,4266.23
Card,Success,1315.85
UPI,Success,4665.13
Card,Success,3249.52
Card,Success,402.57
Card,Success,925.47
Card,Success,4463.65
Cash,Success,2758.96
Cash,Success,2015.34
Cash,Success,2017.96
Cash,Failed,3561.04
UPI,Success,4995.09
Cash,Success,385.25
UPI,Success,2360.21
UPI,Refunded,3498.89
Cash,Success,4645.92
Card,Refunded,2551.71
Card,Success,657.19
UPI,Success,2935.67
Card,Success,3284.13
Card,Success,543.55
UPI,Success,1585.93
Cash,Success,2780.76
UPI,Success,3495.75
Card,Success,207.2
Card,Success,3182.49
Cash,Success,2377.34
Card,Success,51.83
UPI,Success,3074.64
Card,Success,2442.38
UPI,Success,738.42
UPI,Success,4786.98
UPI,Success,3225.23
Card,Success,2421.54
Card,Success,1903.78
Card,Success,1023.79
UPI,Success,1466.53
UPI,Success,956.61
Cash,Refunded,1417.65
Cash,Success,3198.47
UPI,Success,3499.44
UPI,Success,4351.66
Cash,Success,4343.4
Card,Success,2215.96
UPI,Failed,4124.46
Card,Success,4469.91
Cash,Success,2926.98
Cash,Success,2133.7
UPI,Success,4605.75
Cash,Success,587.73
Card,Refunded,3220.66
Card,Success,3937.82
Cash,Success,2651.29
Card,Success,1427.39
Cash,Success,4925.95
Card,Success,1361.85
UPI,Success,4584.29
Cash,Success,2542.06
Cash,Success,3964.51
Cash,Failed,2265.47
Cash,Success,3242.75
Cash,Success,798.5
UPI,Success,827.23
Card,Success,3729.12
UPI,Success,829.81
Cash,Success,1532.62
UPI,Success,404.67
UPI,Success,2642.61
UPI,Success,936.1
Cash,Success,4973.48
Cash,Success,3624.89
Cash,Success,4850.28
UPI,Failed,164.1
Card,Success,4059.48
Cash,Failed,546.18
UPI,Success,1641.0
Card,Success,4580.09
UPI,Success,4246.11
Card,Refunded,3509.64
Card,Success,4047.56
UPI,Success,3927.83
UPI,Success,3483.18
Card,Failed,4492.46
Card,Success,546.52
Cash,Success,1643.46
Cash,Success,3815.32
Cash,Success,3287.05
UPI,Success,448.2
Card,Success,279.38
Cash,Success,917.42
Cash,Success,2870.2
Card,Success,3165.55
UPI,Success,201.82
Card,Refunded,484.97
Cash,Success,2162.98
Card,Failed,3859.82
Card,Success,1610.8
UPI,Success,1248.0
Cash,Success,2091.22
UPI,Success,2685.29
Card,Success,4113.51
Cash,Success,4809.02
Cash,Success,4910.07
Cash,Success,887.67
Card,Success,73.38
Card,Success,2955.25
UPI,Success,4538.85
Cash,Success,794.95
UPI,Success,2757.7
Card,Failed,3082.91
Card,Success,2539.07
UPI,Success,1654.0
UPI,Success,1102.44
UPI,Refunded,3403.84
Card,Success,4231.29
UPI,Success,2849.04
Card,Success,3938.15
UPI,Success,3993.26
Card,Success,4032.46
Cash,Failed,4849.76
UPI,Success,1649.97
Cash,Success,4253.07
Card,Success,4502.66
UPI,Failed,1588.59
UPI,Success,2669.34
Cash,Success,322.79
UPI,Success,4013.84
UPI,Refunded,4640.23
UPI,Success,758.87
Cash,Success,3265.55
Cash,Success,2591.92
UPI,Success,4731.48
Cash,Success,662.56
UPI,Success,2216.4
Card,Failed,965.71
UPI,Success,300.96
Card,Refunded,679.83
Cash,Refunded,670.31
UPI,Success,2248.1
Card,Failed,4658.18
Cash,Success,4477.65
Cash,Success,2599.08
Cash,Success,1094.43
Card,Success,1373.1
Card,Success,3739.28
UPI,Success,2454.39
UPI,Success,4373.59
Cash,Success,3107.04
Card,Success,2575.12
UPI,Success,118.67
Card,Success,803.33
Card,Refunded,1558.08
Card,Refunded,4434.18
Cash,Success,3650.59
UPI,Success,2799.28
Card,Success,2386.29
Card,Failed,4454.67
Card,Success,3008.96
Card,Success,1519.83
UPI,Success,1971.11
Cash,Success,3820.63
Cash,Failed,3777.05
Cash,Success,1275.99
Cash,Success,2712.24
UPI,Success,1427.71
Card,Success,2346.35
Card,Refunded,3925.48
Cash,Success,1329.79
Cash,Success,1715.8
Cash,Success,3397.03
UPI,Success,3479.16
UPI,Success,1361.86
Cash,Success,3335.93
Card,Success,3133.67
Card,Success,4825.67
UPI,Success,4908.43
Card,Failed,2850.86
Cash,Success,3336.77
Cash,Success,3125.99
Card,Success,3233.27
UPI,Success,2960.06
UPI,Success,4083.53
Cash,Success,115.91
Cash,Success,408.08
Cash,Success,4907.47
UPI,Success,1864.37
Cash,Failed,471.2
Cash,Success,3222.13
UPI,Success,2253.51
UPI,Success,1107.54
Cash,Success,2119.58
UPI,Success,4311.15
Cash,Success,4380.98
Cash,Failed,1037.97
Card,Success,4070.03
UPI,Failed,4711.61
UPI,Success,1498.46
Cash,Success,351.94
Cash,Success,218.56
Cash,Success,1371.43
UPI,Success,4760.87
UPI,Success,4418.47
UPI,Success,3594.73
UPI,Success,1734.84
UPI,Success,948.52
Card,Success,3486.68
Cash,Success,100.87
Cash,Success,2044.82
Card,Success,838.78
Card,Success,3502.6
UPI,Failed,4969.95
Card,Success,1282.37
UPI,Success,955.81
Card,Success,1213.52
UPI,Success,2991.54
Cash,Success,3546.33
UPI,Failed,100.37
Card,Success,2523.25
UPI,Refunded,3441.25
Cash,Success,2064.49
UPI,Success,1625.77
Cash,Success,1925.36
Cash,Success,3965.31
UPI,Success,185.65
UPI,Success,3439.53
UPI,Refunded,4513.28
UPI,Success,4047.71
Cash,Failed,4378.05
Cash,Success,1700.49
Cash,Success,746.92
Card,Success,4045.37
UPI,Success,1982.92
Cash,Success,3591.35
Cash,Success,3269.76
UPI,Success,1952.6
UPI,Success,4546.41
Cash,Success,420.84
UPI,Refunded,1546.35
UPI,Success,4141.58
Card,Success,4860.23
UPI,Success,61.84
Card,Success,2409.7
UPI,Success,3105.65
Card,Success,3468.37
Card,Success,2122.35
UPI,Refunded,2295.18
Cash,Success,2402.97
Cash,Success,4057.13
Card,Success,747.7
Cash,Refunded,1521.76
Cash,Success,2145.7
UPI,Success,2759.19
Card,Success,4807.21
Cash,Success,3564.84
Cash,Refunded,2969.76
UPI,Success,1839.42
Cash,Success,2653.1
UPI,Success,836.04
Cash,Success,2718.48
Cash,Success,4438.61
UPI,Success,3980.56
UPI,Success,3124.72
Card,Success,3605.02
UPI,Success,1985.37
Card,Success,3001.57
UPI,Success,3844.88
UPI,Success,535.04
Card,Success,1474.08
Card,Success,4454.34
Cash,Success,4831.81
Cash,Success,2284.28
Cash,Refunded,2938.72
UPI,Success,4252.62
UPI,Success,1034.26
Card,Success,3327.3
UPI,Success,4233.96
UPI,Success,1965.4
Cash,Failed,552.16
UPI,Success,4271.27
Card,Success,3772.02
UPI,Success,3525.64
UPI,Success,3169.18
Cash,Success,2996.41
UPI,Success,2351.34
UPI,Success,4994.57
Cash,Success,1475.07
UPI,Success,2114.54
UPI,Success,2513.64
Cash,Failed,3472.78
Cash,Success,2524.59
Cash,Success,4031.09
Cash,Success,1351.84
Cash,Refunded,4062.49
Cash,Success,927.26
UPI,Success,4949.05
Card,Refunded,3609.41
Card,Refunded,499.95
UPI,Success,4900.94
Card,Failed,3639.38
Cash,Success,2706.81
Card,Refunded,2173.64
UPI,Success,2126.85
Cash,Success,4467.3
UPI,Success,4271.24
Card,Success,4038.06
Card,Failed,883.64
Cash,Success,203.95
Card,Success,1658.98
Card,Success,1882.38
Cash,Success,878.6
Card,Success,4534.01
Card,Success,3575.25
Cash,Success,4082.8
Card,Success,2120.58
Card,Success,2826.55
Cash,Success,480.21
Card,Success,4295.92
Cash,Success,1790.17
Cash,Success,2894.57
Card,Success,1935.79
Card,Success,3573.1
Card,Success,2900.45
Cash,Success,4525.18
UPI,Success,1154.07
Card,Success,1398.76
Card,Success,1009.82
Card,Success,500.79
Cash,Success,3654.78
Card,Success,1134.42
UPI,Success,4120.74
UPI,Success,2300.18
Card,Refunded,830.99
Card,Success,4719.81
Card,Success,3443.8
Card,Success,3370.27
Cash,Success,2975.84
Card,Success,3345.17
UPI,Success,4535.85
Cash,Refunded,4816.5
UPI,Success,3553.0
UPI,Success,3018.37
Card,Success,3258.42
Card,Success,2094.89
Card,Success,480.07
Cash,Success,3731.88
Cash,Success,1078.39
Cash,Success,3965.0
Cash,Success,3227.82
Cash,Success,4333.81
UPI,Success,529.81
Cash,Success,1178.96
Card,Success,3851.37
Card,Success,4860.7
UPI,Success,4456.29
Cash,Success,3587.91
UPI,Success,1176.99
Cash,Success,2171.55
Card,Success,3448.72
UPI,Success,4712.37
Card,Success,1619.69
Card,Success,4698.64
Card,Success,1581.55
Card,Success,4652.0
Cash,Success,3654.8
UPI,Failed,875.0
Card,Success,2997.15
UPI,Success,2821.36
Cash,Success,183.3
Cash,Success,1678.13
UPI,Success,4843.73
Card,Failed,204.73
UPI,Success,3287.28
Card,Success,821.2
UPI,Failed,2286.45
Cash,Failed,3506.28
Cash,Success,2528.29
Cash,Success,1795.93
Cash,Success,1311.34
Cash,Success,211.79
UPI,Success,3973.3
Card,Success,1232.49
Card,Success,1267.85
Card,Success,3608.96
UPI,Success,1646.35
Card,Failed,4980.94
UPI,Success,279.73
Cash,Success,1198.82
Cash,Success,120.75
UPI,Success,1808.1
Card,Success,4690.23
UPI,Success,2448.8
Cash,Success,3486.38
UPI,Success,3695.0
UPI,Success,3075.83
Cash,Success,236.38
UPI,Success,1372.04
Card,Failed,3612.78
UPI,Success,4521.53
Cash,Success,2078.0
Cash,Success,4263.16
UPI,Success,2638.22
Cash,Success,1162.17
UPI,Success,1800.37
Card,Success,2687.7
Card,Success,2627.77
Cash,Success,2777.72
UPI,Success,3613.91
UPI,Success,3992.42
UPI,Success,138.33
Card,Failed,3687.8
Cash,Refunded,4903.15
UPI,Failed,243.14
Card,Success,2409.41
Cash,Success,1400.51
Card,Refunded,2479.21
Cash,Failed,4538.65
Cash,Failed,3842.41
Cash,Success,1722.7
Card,Success,2269.6
Cash,Success,3059.09
Card,Success,372.17
UPI,Success,3196.55
Card,Success,4995.33
UPI,Success,4408.38
Card,Success,3252.89
Cash,Success,4526.68
Cash,Success,2084.1
Cash,Success,3556.77
UPI,Success,1673.34
Card,Success,2835.86
Card,Success,382.43
Card,Success,3421.48
Card,Success,272.3
Card,Refunded,1835.05
Card,Success,3167.52
UPI,Success,1971.84
UPI,Success,4307.27
Cash,Success,3819.81
Cash,Success,3319.65
Card,Success,3326.3
UPI,Success,3276.79
Cash,Refunded,3132.61
UPI,Success,4726.07
UPI,Success,3326.77
UPI,Refunded,1056.72
Cash,Success,2650.83
UPI,Success,4929.21
Cash,Success,2406.78
UPI,Success,678.24
UPI,Success,3204.27
UPI,Success,525.04
Cash,Success,2412.75
Cash,Success,4331.43
Cash,Success,481.46
Card,Success,2428.32
UPI,Success,1753.63
Card,Success,539.81
UPI,Success,360.21
UPI,Success,3969.74
UPI,Success,3787.51
Cash,Success,3647.36
Cash,Success,3207.53
Cash,Success,4974.09
Card,Failed,3730.16
Card,Failed,1155.25
Card,Success,825.69
UPI,Success,3775.79
Cash,Failed,4555.29
Card,Success,4482.67
UPI,Failed,4141.12
Cash,Success,4236.48
UPI,Success,1168.81
UPI,Success,1241.13
Cash,Success,3152.11
Cash,Success,53.16
Cash,Success,1400.07
UPI,Success,2696.36
Card,Success,433.2
Cash,Success,4317.91
Card,Success,3302.76
Card,Success,1957.33
Card,Success,2690.02
Card,Success,3457.34
UPI,Success,4923.41
Card,Failed,2706.9
UPI,Success,4998.95
Card,Success,678.22
Card,Success,962.35
UPI,Success,3589.36
Card,Success,330.51
UPI,Success,2037.0
Cash,Success,3444.79
UPI,Success,2552.63
Cash,Success,2725.16
Cash,Success,3409.92
Cash,Success,4338.87
UPI,Success,1117.44
UPI,Success,3728.22
UPI,Success,4039.34
Cash,Success,889.06
UPI,Success,1928.25
UPI,Success,3167.98
Card,Success,2203.87
Card,Failed,1555.3
Cash,Success,2293.81
Card,Success,4551.94
Card,Success,3614.73
UPI,Success,2270.44
Cash,Success,1219.59
Cash,Success,4907.74
UPI,Success,3848.31
UPI,Success,2452.57
Card,Success,1795.59
Card,Success,512.1
UPI,Success,3592.63
Cash,Success,3486.2
Cash,Success,3688.01
UPI,Refunded,363.93
Card,Refunded,2428.09
Cash,Success,2950.59
Cash,Success,2045.71
UPI,Success,4548.62
UPI,Success,2249.71
UPI,Success,1967.98
Cash,Success,289.51
Cash,Success,3806.95
Cash,Success,611.48
Cash,Success,3293.34
UPI,Success,2770.07
Card,Success,2509.49
Card,Failed,4255.03
Card,Success,1244.35
UPI,Success,3318.74
UPI,Refunded,2457.32
UPI,Success,4659.88
UPI,Success,963.59
Cash,Success,1287.92
Cash,Success,1717.97
Cash,Failed,1243.17
Cash,Success,561.12
Card,Failed,2167.28
Card,Failed,2455.88
UPI,Success,2923.53
Cash,Success,4744.21
Cash,Failed,1623.19
Cash,Failed,3777.81
Card,Success,1779.42
UPI,Refunded,678.22
UPI,Success,180.89
UPI,Success,4172.33
UPI,Success,53.2
Cash,Success,4925.19
Cash,Success,4335.77
Card,Failed,2288.49
Card,Success,2009.65
UPI,Success,2363.03
Cash,Success,1477.88
UPI,Success,1628.81
Cash,Failed,3264.58
UPI,Refunded,460.44
Card,Success,1778.97
UPI,Failed,1239.13
UPI,Success,1719.46
Card,Success,1162.49
Cash,Success,422.67
Cash,Success,3131.25
Card,Failed,4773.11
Cash,Success,2135.47
Cash,Refunded,2978.52
UPI,Success,2931.44
UPI,Success,3249.52
UPI,Success,217.24
Cash,Success,4213.31
Card,Success,1075.5
Card,Success,2547.94
Card,Success,2978.78
Cash,Success,153.39
Card,Success,1771.47
Card,Failed,4592.92
UPI,Success,3991.87
UPI,Failed,2565.63
Cash,Success,3947.5
Cash,Success,4956.58
UPI,Success,3745.15
Card,Success,3686.66
Card,Failed,1252.77
Cash,Success,3597.44
Card,Success,4300.91
Card,Success,3638.11
Card,Success,483.01
UPI,Success,2109.15
Card,Success,3785.96
Cash,Success,2681.2
Card,Success,2565.38
Card,Success,4603.09
Card,Success,1780.29
Cash,Success,3643.6
Cash,Success,104.52
Card,Success,4607.48
UPI,Success,4278.51
Card,Success,416.71
Cash,Success,913.97
UPI,Success,1140.6
Card,Success,4131.31
Cash,Refunded,2569.21
Cash,Success,1350.94
UPI,Failed,1169.08
Card,Success,146.19
UPI,Success,619.46
Card,Success,4688.88
Cash,Success,785.46
Card,Success,4837.39
Cash,Success,1514.24
UPI,Success,4742.72
Cash,Success,2768.56
Cash,Success,2533.83
Cash,Success,3181.97
Card,Success,4877.03
Cash,Success,746.04
UPI,Failed,170.2
Cash,Success,4863.53
UPI,Success,4909.47
Card,Failed,2466.04
Cash,Success,1845.04
Card,Success,3330.62
Card,Failed,4494.31
UPI,Success,3002.15
Card,Success,477.82
Card,Success,3923.87
Cash,Success,3761.0
Card,Success,887.85
Card,Success,2768.44
Cash,Success,2982.44
Cash,Success,3215.67
UPI,Success,1371.09
Cash,Success,1477.82
Cash,Success,2001.28
Cash,Success,3133.64
Cash,Success,1329.6
Cash,Failed,2186.25
UPI,Success,4734.24
Card,Success,3191.94
UPI,Success,4982.09
Card,Success,1191.69
Cash,Success,2009.33
Cash,Failed,4641.04
Cash,Success,4140.37
UPI,Success,868.48
UPI,Success,1760.31
Card,Refunded,4588.93
Card,Refunded,1032.98
Cash,Success,553.35
Card,Success,74.52
UPI,Success,3787.03
Card,Success,3769.01
Card,Failed,4460.17
UPI,Success,4956.41
Cash,Success,2472.09
Card,Success,1127.11
Card,Success,4086.75
UPI,Success,2789.51
Cash,Success,1497.04
Cash,Success,2505.28
Card,Success,315.28
Cash,Refunded,1512.26
Card,Success,2978.99
Card,Refunded,1997.95
UPI,Success,2723.67
UPI,Success,1067.95
UPI,Failed,3215.53
Card,Success,3880.75
Cash,Success,2062.99
Card,Success,3642.2
Card,Success,2994.39
UPI,Success,3372.99
Card,Failed,3916.16
Card,Success,1751.6
Cash,Success,3778.92
Cash,Success,728.99
UPI,Success,860.96
Cash,Success,341.66
Card,Success,1246.86
UPI,Failed,1199.8
Cash,Success,3351.73
UPI,Success,2171.52
UPI,Success,2140.8
Cash,Success,3529.37
UPI,Success,4144.25
UPI,Success,1733.35
Card,Success,2476.27
UPI,Success,3591.94
UPI,Success,4917.08
Card,Success,3679.2
UPI,Success,2963.73
Cash,Success,774.49
UPI,Success,4292.25
Card,Success,2025.06
Card,Success,1654.78
Card,Success,3604.4
Cash,Success,4560.43
UPI,Success,2882.49
Cash,Success,1872.63
Card,Success,4661.72
Card,Success,920.94
Card,Success,2035.65
Card,Success,259.36
UPI,Success,3083.21
Cash,Success,3891.08
Card,Success,1859.62
Cash,Success,4699.76
UPI,Refunded,1354.11
Card,Success,4593.38
UPI,Failed,340.98
UPI,Success,1703.47
Card,Success,166.21
UPI,Failed,1907.72
UPI,Success,4873.06
UPI,Success,2953.17
Cash,Success,4825.9
UPI,Success,3862.22
UPI,Success,4909.97
Card,Success,3598.45
UPI,Success,2399.48
Card,Success,2548.64
UPI,Success,3306.87
Cash,Success,2387.89
Card,Success,2426.15
UPI,Success,58.47
Cash,Success,4124.15
Card,Success,204.41
UPI,Success,612.47
Card,Success,2651.87
Cash,Success,403.72
Card,Success,393.11
Cash,Success,807.54
Cash,Success,3465.51
UPI,Success,1542.38
Cash,Success,3212.43
UPI,Success,2472.46
Cash,Success,4280.84
Card,Success,4256.53
UPI,Success,2663.99
Card,Success,1480.96
Card,Success,2640.19
UPI,Failed,3448.04
UPI,Success,3782.64
UPI,Success,4420.61
Card,Success,2400.94
Cash,Success,3063.1
Cash,Success,1008.21
Cash,Success,2997.69
Cash,Success,2449.49
Card,Success,1480.1
Cash,Success,4137.42
Cash,Success,3850.99
Card,Success,2268.79
Cash,Success,4919.58
UPI,Success,1846.44
Card,Success,2437.64
Cash,Refunded,4664.07
UPI,Failed,686.83
Card,Success,1892.07
Cash,Success,2978.0
UPI,Success,4782.3
UPI,Success,1847.09
UPI,Success,1015.36
UPI,Refunded,2670.38
Cash,Success,3332.93
Cash,Success,485.14
Card,Success,2960.24
Cash,Success,1233.84
UPI,Success,1121.8
UPI,Success,1276.1
UPI,Failed,971.21
UPI,Success,2544.51
Cash,Success,3262.9
Cash,Success,1354.3
Cash,Success,4358.66
Cash,Success,1773.62
Card,Success,478.8
Cash,Success,4025.65
UPI,Success,2133.04
Cash,Success,2694.43
Card,Success,877.57
Card,Success,4649.3
Cash,Success,4098.49
Card,Success,4672.96
Cash,Success,4652.79
Card,Success,3192.75
UPI,Success,4847.43
Cash,Success,2261.08
UPI,Failed,996.29
Card,Success,1787.54
Cash,Success,2066.18
UPI,Success,3746.83
Card,Success,973.25
Cash,Success,2066.19
UPI,Refunded,2035.29
Cash,Success,1013.88
Card,Success,3494.61
Cash,Success,805.47
Cash,Success,668.52
Cash,Success,1962.33
Card,Success,3516.05
Cash,Success,1083.07
UPI,Success,3117.18
UPI,Success,3408.07
UPI,Refunded,3915.61
UPI,Success,4654.44
UPI,Success,1369.79
Card,Success,3895.74
UPI,Success,2210.31
Card,Success,2700.85
Card,Success,3827.77
Cash,Failed,1412.0
UPI,Success,1309.09
Card,Success,3328.29
UPI,Success,469.82
Cash,Success,3847.55
UPI,Success,442.78
Card,Refunded,3320.15
UPI,Success,2548.38
UPI,Success,4878.0
Card,Refunded,2837.16
UPI,Success,326.71
Cash,Success,2989.05
Cash,Success,987.73
UPI,Success,2569.17
Cash,Success,1641.29
UPI,Success,2445.24
Card,Success,3459.72
Cash,Success,3189.86
Card,Failed,3150.4
UPI,Success,3964.15
UPI,Success,3685.73
Card,Success,3171.2
Card,Failed,4538.8
UPI,Success,2284.25
UPI,Success,4168.45
Cash,Success,1594.11
UPI,Failed,3256.49
UPI,Success,709.94
UPI,Success,1761.37
UPI,Success,4862.47
Card,Success,3723.67
Cash,Success,4169.62
Cash,Success,3340.95
Cash,Success,1463.57
Cash,Success,3035.85
Cash,Success,4529.26
UPI,Success,1792.73
Cash,Success,2373.09
Cash,Success,4858.65
Card,Success,3572.54
Card,Success,2024.08
Cash,Success,102.17
Cash,Success,4373.46
Card,Success,2393.8
Cash,Refunded,1831.58
Cash,Success,2571.74
UPI,Failed,1502.76
UPI,Success,3969.18
Cash,Success,2277.38
Cash,Success,3881.9
UPI,Success,745.56
UPI,Success,53.77
UPI,Success,1359.2
UPI,Success,53.77
Card,Failed,1050.61
Cash,Success,4406.83
Card,Failed,2420.85
Card,Success,3172.27
Card,Refunded,1918.32
Cash,Success,132.92
Card,Success,4771.69
Card,Refunded,3122.23
UPI,Success,4720.95
UPI,Success,1791.07
Card,Success,287.6
UPI,Success,2467.05
Card,Failed,1126.3
UPI,Failed,2722.55
UPI,Success,3993.58
UPI,Refunded,483.44
UPI,Success,3720.74
Cash,Success,2372.14
Cash,Success,112.14
Cash,Success,3160.39
UPI,Success,814.5
Card,Success,4942.74
Card,Success,3114.43
UPI,Success,4373.63
Card,Success,1074.35
Cash,Success,4670.34
Card,Success,3227.65
Card,Success,3247.34
Card,Success,3095.79
UPI,Success,3555.46
UPI,Success,259.75
Card,Refunded,3489.72
Card,Success,2957.63
Card,Success,2379.86
Cash,Success,373.05
Card,Success,2163.44
Card,Success,740.61
UPI,Success,2166.68
UPI,Success,588.97
Card,Failed,2315.25
Card,Success,525.13
Card,Success,3027.09
Card,Success,4418.29
Card,Success,1299.58
Card,Success,1319.35
Card,Success,1137.94
UPI,Success,4084.44
Cash,Failed,4674.15
Card,Success,1716.25
Cash,Failed,3578.8
UPI,Success,3233.36
Cash,Success,2129.88
UPI,Success,3761.61
UPI,Success,4580.01
Card,Success,4007.9
Cash,Success,4296.76
Cash,Success,4961.52
Cash,Success,763.49
Card,Success,1924.45
Cash,Refunded,615.3
Cash,Success,612.14
Cash,Success,4571.53
Cash,Success,3296.78
Card,Success,3168.47
Card,Success,1775.97
UPI,Success,657.64
Card,Success,160.73
UPI,Success,1665.26
Cash,Success,1560.48
Cash,Success,875.03
UPI,Success,326.91
Cash,Refunded,4532.77
Cash,Success,559.27
Cash,Success,1902.93
Cash,Success,1130.81
UPI,Success,227.92
UPI,Success,2272.47
UPI,Success,4127.27
UPI,Success,2548.23
Card,Success,2521.97
Cash,Success,935.46
Card,Success,3382.73
Cash,Success,361.89
UPI,Refunded,3138.03
UPI,Success,2828.13
Card,Success,2619.73
UPI,Success,3198.9
UPI,Failed,287.26
UPI,Success,3488.32
Card,Success,2993.17
Card,Success,2467.16
UPI,Success,417.3
UPI,Success,2421.61
Cash,Refunded,695.77
Card,Success,1828.49
Cash,Failed,4630.54
UPI,Failed,2879.2
UPI,Success,3858.35
UPI,Success,594.36
Card,Success,3901.9
Card,Success,2346.06
UPI,Success,1435.87
Card,Success,1073.72
Cash,Success,3508.52
Card,Success,1583.57
Cash,Failed,4500.24
Card,Success,2462.09
Card,Success,1844.0
UPI,Refunded,4032.93
Card,Success,4141.79
Card,Success,4435.85
Cash,Failed,1992.87
Card,Success,4015.57
UPI,Success,1632.15
UPI,Success,562.8
Cash,Success,3404.94
Card,Failed,620.78
Card,Success,921.31
Cash,Success,1556.54
UPI,Success,3570.02
Cash,Failed,1801.21
Card,Failed,505.7
UPI,Success,642.83
Cash,Success,2497.77
UPI,Success,4177.39
UPI,Success,559.36
UPI,Success,1715.01
Card,Success,205.44
Card,Success,1903.25
Card,Success,333.12
UPI,Success,3067.06
UPI,Success,3123.99
Card,Success,1708.16
UPI,Success,155.65
Cash,Success,4275.18
Card,Success,2099.88
Cash,Success,2292.9
UPI,Success,3895.45
Card,Success,115.19
UPI,Success,2008.87
Cash,Refunded,2341.14
UPI,Success,2498.14
Card,Failed,3797.47
Card,Failed,3873.02
Cash,Success,2933.75
Card,Success,2546.21
Cash,Success,4724.53
Card,Success,1953.87
Card,Success,3962.87
Card,Success,560.39
Cash,Success,4230.12
UPI,Success,392.52
UPI,Success,3531.96
Cash,Success,3108.77
UPI,Success,2466.84
Card,Success,684.18
Cash,Success,2681.75
Card,Success,3175.44
Card,Success,3171.97
Card,Success,811.75
UPI,Success,2444.64
Card,Success,865.71
Card,Success,2148.86
Card,Success,3710.36
Card,Success,4079.78
Card,Success,322.02
Cash,Refunded,3072.84
Card,Success,539.2
Card,Failed,2843.73
UPI,Success,4993.65
Cash,Success,1446.24
UPI,Success,3385.69
UPI,Success,906.3
Cash,Success,2087.42
Card,Refunded,2895.42
Cash,Success,2657.63
Card,Success,4325.64
Cash,Success,4337.74
UPI,Success,1056.94
UPI,Success,964.05
Cash,Success,2613.62
UPI,Success,2695.66
Cash,Failed,4139.25
Cash,Success,1867.26
UPI,Success,2943.27
Cash,Failed,586.14
Card,Failed,1788.24
UPI,Success,823.97
Card,Failed,1272.03
UPI,Success,697.54
Card,Success,3290.52
Card,Success,122.26
UPI,Success,2049.14
Card,Success,4512.5
Card,Success,686.72
Cash,Success,1934.78
Card,Success,4152.56
Card,Success,504.03
Cash,Success,4561.09
Card,Success,402.97
Card,Success,1989.91
Card,Success,1203.25
Card,Success,2908.65
Cash,Success,3092.3
Card,Success,2547.68
UPI,Success,4480.06
UPI,Failed,574.31
Cash,Success,197.4
UPI,Success,1842.03
UPI,Success,3468.48
Card,Success,2776.54
Cash,Success,4147.23
Card,Success,4262.68
UPI,Success,248.98
Card,Success,4996.1
Cash,Success,4747.57
Cash,Success,1991.42
Cash,Success,3657.31
UPI,Success,2002.07
Card,Success,308.52
Cash,Success,3156.64
Cash,Success,4747.88
UPI,Failed,3881.55
UPI,Success,1654.76
Card,Success,2677.66
UPI,Success,3820.25
Card,Success,3249.13
Card,Success,766.43
Card,Success,4184.87
Card,Success,3943.68
UPI,Success,2530.58
Card,Success,3331.43
Cash,Success,657.28
UPI,Refunded,3639.44
Card,Refunded,4951.62
Cash,Success,3039.81
Cash,Success,3433.96
UPI,Success,648.19
Cash,Success,1380.83
Card,Success,3746.76
Card,Failed,2197.32
UPI,Success,4845.68
UPI,Success,386.38
Cash,Failed,2095.24
Cash,Success,1337.92
UPI,Success,4113.79
Cash,Success,3490.79
UPI,Success,3932.67
Cash,Success,851.71
Card,Success,95.51
Card,Success,1163.02
Cash,Failed,837.29
Cash,Success,2742.22
UPI,Success,2290.2
Card,Success,582.08
UPI,Success,3308.93
Card,Success,1393.2
Card,Success,2336.21
Cash,Failed,2108.88
Card,Success,1721.06
UPI,Success,2652.99
Card,Success,2338.31
UPI,Failed,3215.44
Cash,Failed,1372.53
Cash,Failed,2847.86
UPI,Success,3596.14
UPI,Success,2536.7
Card,Success,2912.12
UPI,Success,2434.94
UPI,Success,658.56
Cash,Success,1179.47
Card,Success,4644.85
Card,Success,3451.78
Cash,Success,1296.88
Cash,Success,869.64
UPI,Success,1201.54
UPI,Success,3894.41
UPI,Success,3447.93
Cash,Success,2067.26
Card,Success,4584.52
Card,Success,2042.3
UPI,Success,1664.67
Card,Success,4192.75
Card,Success,237.69
Card,Success,3857.73
Card,Refunded,3979.16
Card,Success,4797.28
UPI,Success,3338.22
UPI,Success,528.86
UPI,Success,2665.97
Card,Success,233.67
Cash,Success,1716.12
UPI,Success,597.74
UPI,Success,1730.72
UPI,Success,2568.93
UPI,Failed,3376.96
UPI,Success,3848.96
Card,Success,3619.97
UPI,Success,3842.73
UPI,Success,1139.8
UPI,Success,2587.59
Card,Success,3813.37
UPI,Success,4473.81
Card,Success,4084.17
UPI,Success,2715.66
Cash,Success,2444.36
Card,Success,990.99
Cash,Success,340.21
Card,Failed,4339.44
UPI,Success,1653.15
Card,Success,948.84
Cash,Success,4480.32
Cash,Failed,3160.54
Cash,Success,453.05
Card,Failed,3851.83
Card,Success,1072.02
Card,Success,2342.4
Card,Refunded,3845.42
Card,Success,3160.83
Cash,Success,1636.4
Card,Success,3873.08
Cash,Success,3109.31
Card,Success,555.37
UPI,Success,1870.25
Cash,Success,554.47
Cash,Failed,3180.56
UPI,Success,2609.17
UPI,Success,2669.08
Cash,Success,1404.03
Cash,Failed,1293.97
Cash,Success,4172.65
Card,Success,4029.32
UPI,Success,3836.52
Card,Success,4484.07
Cash,Success,3564.98
Card,Success,763.55
Card,Success,4485.48
Cash,Refunded,297.77
UPI,Success,4616.35
UPI,Success,2303.29
Card,Success,944.24
Card,Success,746.36
UPI,Success,4923.01
UPI,Success,3565.37
Cash,Failed,1535.71
Card,Success,4175.72
Cash,Success,4125.37
UPI,Success,3040.19
Cash,Success,889.06
Cash,Success,142.85
Card,Success,2617.58
UPI,Success,4687.98
UPI,Failed,3812.91
Card,Failed,3755.16
UPI,Failed,2868.64
Card,Success,508.55
Card,Success,4078.24
Cash,Success,740.66
Card,Failed,749.03
Card,Success,4440.55
Cash,Success,2554.12
UPI,Success,4708.82
UPI,Success,3292.31
Cash,Success,1702.23
Cash,Success,3014.39
Card,Success,1288.41
Cash,Success,4578.83
Card,Success,2825.31
Cash,Success,609.31
Card,Success,3324.55
UPI,Success,3873.37
Cash,Success,1658.07
Card,Success,1957.01
Cash,Success,328.88
UPI,Success,2374.22
Card,Success,379.36
Card,Success,3127.76
Cash,Success,3950.4
Cash,Success,3656.51
Cash,Success,1073.92
Card,Success,4299.22
Card,Success,1426.31
UPI,Failed,648.9
Card,Refunded,2570.87
UPI,Success,2760.57
UPI,Success,886.77
UPI,Success,1684.74
UPI,Success,4251.72
UPI,Success,2378.11
Cash,Success,2550.97
UPI,Success,216.45
Cash,Success,309.9
Cash,Failed,3882.37
Cash,Success,3230.4
UPI,Failed,3288.29
Card,Success,865.19
Card,Success,2917.04
Card,Failed,1131.65
UPI,Success,3456.36
Card,Success,2261.92
Cash,Success,1372.74
UPI,Success,2972.02
Cash,Success,4755.8
Card,Success,568.61
Cash,Success,132.96
UPI,Success,4513.71
UPI,Success,1265.34
UPI,Success,2876.54
Card,Success,1359.41
UPI,Success,3630.34
UPI,Success,711.43
UPI,Success,994.88
Cash,Success,3670.5
UPI,Success,4804.87
UPI,Success,2892.92
Cash,Success,3191.73
Card,Success,1026.27
UPI,Success,2108.26
UPI,Success,4566.49
UPI,Success,208.63
UPI,Success,2843.29
Cash,Success,4852.41
Cash,Success,4555.3
UPI,Success,1629.66
Card,Success,482.4
Card,Success,2870.49
Card,Failed,1740.28
Card,Success,2774.09
UPI,Success,1417.24
Card,Success,2045.67
UPI,Success,3455.44
UPI,Success,1026.43
UPI,Success,2191.96
Cash,Success,2803.37
Cash,Success,4450.28
Cash,Success,4245.95
UPI,Failed,380.8
UPI,Success,3566.48
UPI,Success,3742.01
Card,Success,4797.97
Card,Success,2938.74
Cash,Success,4364.56
UPI,Success,2170.21
Cash,Success,2660.56
UPI,Success,2509.2
Card,Failed,1146.37
Cash,Failed,4481.02
UPI,Refunded,4851.97
Card,Success,2941.25
Card,Success,1602.21
UPI,Refunded,1771.02
Card,Success,659.99
UPI,Success,643.15
Cash,Success,3265.47
UPI,Success,514.36
Cash,Success,4462.33
Card,Success,818.01
Cash,Success,1430.68
UPI,Success,1816.51
UPI,Success,3497.77
UPI,Success,3735.14
Card,Refunded,1989.04
UPI,Success,2092.74
Cash,Success,3850.81
UPI,Success,4635.17
Card,Success,1135.28
Card,Success,4461.76
Cash,Success,4973.49
Card,Failed,389.9
UPI,Success,1210.65
Card,Success,4327.7
Cash,Failed,3650.03
UPI,Success,2815.21
UPI,Success,2214.28
Cash,Success,374.84
UPI,Refunded,183.8
UPI,Success,1622.93
Cash,Success,955.69
Cash,Failed,926.92
Card,Success,872.36
Cash,Success,3139.26
UPI,Success,1409.54
Card,Success,2385.28
Cash,Success,4182.0
Cash,Success,2469.13
Cash,Success,1011.81
Card,Success,3160.42
Cash,Success,4784.32
Cash,Success,2265.91
Cash,Success,4020.34
UPI,Success,1284.78
Cash,Success,319.05
Card,Failed,2052.05
Cash,Success,817.6
Cash,Success,4490.22
UPI,Failed,3869.78
Card,Success,1797.43
UPI,Success,4634.29
UPI,Success,2361.95
Cash,Success,2622.5
Card,Success,281.32
UPI,Success,1641.34
UPI,Success,4091.47
Cash,Success,1696.71
Cash,Success,1712.55
UPI,Success,750.64
UPI,Success,3091.42
Card,Success,1687.76
Card,Failed,2945.95
UPI,Success,2712.98
UPI,Success,2274.76
UPI,Success,1616.07
Cash,Refunded,2769.96
Cash,Success,2872.59
UPI,Success,4946.11
Cash,Success,4586.11
UPI,Success,737.46
UPI,Success,871.06
UPI,Success,458.54
Card,Success,3547.99
Card,Success,2611.67
Cash,Refunded,2415.12
Cash,Refunded,3835.79
UPI,Success,2357.3
UPI,Success,4971.5
Card,Success,1558.33
UPI,Success,955.05
UPI,Success,3054.61
Cash,Success,1545.61
Card,Success,2258.27
Card,Success,3887.86
UPI,Success,4931.6
Cash,Success,1910.0
Cash,Success,4599.86
Cash,Success,188.21
UPI,Success,4079.94
Cash,Success,779.62
Card,Success,2129.3
Cash,Success,2062.6
UPI,Success,4794.53
Cash,Success,237.11
Card,Success,4788.39
UPI,Success,2468.99
UPI,Failed,681.45
Card,Success,3767.06
UPI,Success,2280.07
Cash,Refunded,3100.58
UPI,Success,3728.38
UPI,Success,2430.27
Card,Success,867.25
Cash,Success,3411.25
UPI,Failed,844.01
UPI,Success,2049.35
Card,Success,221.49
UPI,Success,2562.87
Cash,Success,3594.08
Card,Success,2832.97
Cash,Success,4021.47
UPI,Success,2625.88
Card,Failed,2609.68
Cash,Success,583.93
Card,Success,1160.37
UPI,Failed,857.67
Cash,Success,3262.97
Card,Success,1593.55
UPI,Success,1305.73
Cash,Success,2576.25
UPI,Success,1211.74
Cash,Failed,2702.09
Cash,Success,727.28
Cash,Refunded,2862.7
UPI,Success,3722.04
Card,Refunded,4167.63
UPI,Success,3553.03
UPI,Success,796.6
Card,Success,3067.29
Cash,Success,4051.3
Card,Success,1662.7
Card,Success,3882.53
UPI,Success,745.79
UPI,Failed,3440.47
Card,Success,730.77
Cash,Success,216.61
Cash,Success,3964.93
UPI,Success,2264.69
UPI,Success,1209.64
Card,Success,3846.59
UPI,Success,4235.3
Cash,Failed,1858.42
UPI,Success,1918.4
UPI,Success,770.91
UPI,Success,3747.72
UPI,Success,2940.72
Cash,Success,983.64
UPI,Success,174.25
UPI,Failed,4752.46
Cash,Success,1732.88
UPI,Success,648.81
UPI,Success,1878.86
UPI,Success,1777.02
Card,Success,2280.57
Card,Success,1189.69
UPI,Success,4187.96
Cash,Success,89.93
UPI,Success,3238.74
UPI,Failed,131.5
UPI,Success,4608.36
Card,Success,4809.48
Card,Success,3610.8
Card,Refunded,1876.59
UPI,Success,519.59
Card,Success,2856.98
Cash,Success,4596.95
Cash,Success,3848.97
UPI,Success,1965.25
Cash,Success,2729.88
UPI,Success,1725.09
Card,Refunded,3343.51
Cash,Success,2022.74
UPI,Success,2710.96
Cash,Success,2363.71
Cash,Success,1550.46
Cash,Success,1252.61
Card,Success,4051.88
Cash,Success,610.46
UPI,Failed,3801.58
Card,Failed,3022.58
Card,Success,2954.94
Card,Success,2887.22
UPI,Success,1358.02
Cash,Success,714.23
UPI,Success,3102.53
Cash,Success,4836.89
UPI,Success,3527.38
UPI,Success,2562.53
UPI,Success,883.56
UPI,Success,3406.08
Card,Success,4746.2
UPI,Success,2056.05
UPI,Success,1528.77
Card,Success,2614.41
UPI,Success,3033.44
Card,Success,3114.48
Card,Success,4665.64
UPI,Success,2676.5
UPI,Success,176.53
Card,Success,4649.22
UPI,Success,1989.55
UPI,Success,3195.56
Cash,Success,55.9
Cash,Refunded,1959.58
UPI,Success,2837.69
Cash,Success,678.83
Card,Success,2424.26
UPI,Success,158.56
UPI,Success,3782.85
UPI,Success,4565.04
Card,Success,4329.05
UPI,Success,442.3
Card,Success,4436.41
UPI,Success,4439.97
Card,Success,3467.08
UPI,Success,313.27
Card,Refunded,2166.59
Card,Failed,525.21
UPI,Failed,2660.46
Cash,Success,2861.85
Cash,Success,1974.31
Cash,Success,3590.95
Card,Success,370.49
Cash,Success,4825.01
Card,Refunded,919.32
Cash,Success,3285.84
Card,Success,2984.27
UPI,Success,2398.44
Card,Failed,2274.49
UPI,Success,1394.36
Card,Success,2828.03
Cash,Success,4655.81
Card,Success,4645.02
Card,Failed,2516.02
UPI,Success,3100.56
Card,Success,464.88
Card,Success,1278.69
Card,Success,1416.6
Card,Success,1525.33
Cash,Success,1839.49
Card,Success,1019.85
UPI,Success,2310.72
Card,Success,3903.19
UPI,Success,1476.16
Cash,Success,785.76
UPI,Success,4834.82
Card,Success,1382.24
Card,Success,3598.27
Card,Success,3082.35
Card,Success,2373.95
Cash,Success,4010.92
Cash,Success,705.17
UPI,Success,375.54
Cash,Success,109.62
Cash,Failed,1404.32
UPI,Success,4856.89
UPI,Success,4731.21
UPI,Success,4956.93
Cash,Success,4735.15
UPI,Success,3015.93
Cash,Success,2784.17
UPI,Success,4987.4
Card,Success,623.68
Card,Failed,2913.96
Cash,Refunded,4459.51
UPI,Success,2779.84
Card,Success,1837.01
Card,Success,1956.67
Cash,Success,109.98
Cash,Success,697.61
Cash,Success,1080.1
UPI,Success,3225.36
UPI,Success,4648.95
Card,Failed,382.33
Card,Success,1162.96
Cash,Success,1429.54
Cash,Failed,3579.22
UPI,Failed,1275.49
UPI,Success,3375.39
Cash,Success,1313.24
Card,Success,4511.27
Cash,Success,2092.1
Cash,Success,421.18
UPI,Success,2210.65
UPI,Success,2104.95
Cash,Success,2031.64
UPI,Success,897.43
UPI,Failed,2166.94
UPI,Success,3644.11
UPI,Success,3156.59
Card,Success,2821.47
Card,Success,2804.76
Card,Success,4458.11
Card,Failed,622.93
UPI,Success,1354.49
Cash,Refunded,2498.53
Cash,Success,2279.11
UPI,Success,750.22
UPI,Success,2385.06
Cash,Success,4262.38
UPI,Success,2770.01
Card,Success,4299.27
Cash,Success,3689.46
UPI,Success,4203.02
Cash,Success,2422.75
Cash,Success,4495.63
UPI,Success,403.59
Card,Success,1630.66
Card,Success,3356.4
Card,Success,953.23
Card,Success,3744.58
Cash,Success,1854.93
UPI,Success,4855.07
Card,Success,250.19
Card,Success,805.82
UPI,Success,3474.92
Cash,Success,2150.02
Cash,Success,1080.78
Card,Success,3433.49
UPI,Success,4300.07
Card,Success,1464.8
Cash,Success,1230.41
Cash,Success,953.8
Cash,Success,3549.92
UPI,Success,1081.57
UPI,Success,3691.3
Cash,Success,3156.62
Card,Success,704.46
Card,Success,1569.96
Card,Success,2058.73
Cash,Success,3930.48
UPI,Success,4562.0
Card,Refunded,995.99
Card,Success,3883.95
Cash,Success,3544.53
Cash,Success,1301.09
Cash,Success,3597.37
Cash,Success,1607.68
Cash,Success,4585.13
UPI,Success,3788.34
UPI,Success,4366.98
Card,Success,4483.3
UPI,Refunded,3561.28
UPI,Success,2649.96
Card,Success,751.79
UPI,Success,2813.44
UPI,Success,1151.72
UPI,Success,3259.4
Cash,Success,337.09
Card,Success,4074.06
Cash,Success,4848.22
UPI,Success,4409.51
Cash,Success,4377.12
UPI,Success,3397.92
Cash,Success,909.5
UPI,Success,3291.38
Cash,Success,2360.17
Card,Success,2522.01
Card,Failed,4867.45
UPI,Failed,3628.76
Card,Failed,554.76
Card,Success,1006.99
Cash,Success,3518.63
Card,Success,4442.42
UPI,Success,395.12
Cash,Success,129.27
Card,Success,3297.26
Card,Success,2157.57
Card,Success,945.0
Cash,Success,4183.12
UPI,Success,2299.86
Card,Success,1350.83
Card,Success,282.56
Cash,Success,3085.11
Card,Success,4322.62
Card,Success,3247.05
Card,Success,2788.69
Cash,Success,1024.44
Cash,Success,141.63
UPI,Success,953.21
Cash,Success,2313.19
Card,Success,1596.25
Cash,Success,2287.25
Card,Success,1578.81
UPI,Success,3315.9
Cash,Success,714.43
UPI,Failed,680.17
Cash,Success,3702.63
UPI,Success,4083.92
Card,Success,2270.82
Cash,Success,764.33
Card,Success,3687.19
Cash,Success,387.04
Cash,Success,3748.52
Cash,Success,3444.45
Card,Success,1685.36
Cash,Success,1042.03
Cash,Success,703.32
Cash,Success,3111.55
Cash,Success,4802.54
UPI,Success,892.25
Card,Success,3073.39
Card,Success,2951.52
Cash,Failed,4860.89
Card,Success,2604.78
UPI,Success,4112.45
Card,Success,1518.64
Card,Failed,90.75
Card,Success,1901.92
Cash,Failed,800.2
Cash,Success,1083.52
Cash,Success,4636.04
Cash,Success,466.31
Card,Success,3401.43
UPI,Success,2863.97
UPI,Success,2205.32
Cash,Success,3928.59
Cash,Success,527.77
Cash,Success,1532.03
UPI,Success,2842.84
Cash,Success,4123.48
Card,Success,282.79
Card,Success,3478.36
Cash,Success,892.19
Card,Success,3256.53
UPI,Success,3948.09
Card,Failed,3897.42
UPI,Success,1768.5
Cash,Success,3369.16
Cash,Success,2733.9
UPI,Success,1575.78
UPI,Success,2375.62
Card,Success,2124.41
Card,Success,3293.77
Card,Failed,1636.53
Card,Success,4446.9
Card,Success,2476.14
Cash,Success,886.54
Cash,Refunded,4827.29
UPI,Success,1327.19
Card,Success,2392.59
Card,Success,3800.63
UPI,Success,2414.6
UPI,Success,4194.9
Card,Success,1118.65
Cash,Success,1945.81
Cash,Success,2138.88
UPI,Refunded,1090.79
UPI,Success,1464.19
UPI,Success,2997.85
Cash,Failed,4176.18
Card,Success,1111.21
UPI,Failed,2642.14
UPI,Success,4481.56
UPI,Success,3421.66
Card,Success,921.86
Card,Refunded,3072.24
UPI,Success,1704.53
UPI,Success,4172.64
UPI,Success,3415.84
UPI,Success,2689.88
UPI,Success,701.39
UPI,Success,258.64
UPI,Success,1788.84
UPI,Failed,1990.77
Cash,Success,3614.09
Cash,Success,1042.66
Card,Success,2902.83
Cash,Success,2747.6
UPI,Refunded,3035.75
Card,Refunded,3755.92
Card,Success,4053.9
Cash,Success,496.63
UPI,Success,2368.2
UPI,Success,2731.28
UPI,Success,3496.28
Card,Success,4141.0
Card,Success,962.27
Card,Success,4023.29
Card,Success,4490.68
UPI,Success,3241.19
Card,Success,4389.23
Cash,Success,1560.7
Cash,Success,1804.31
Card,Success,2768.61
Card,Success,2649.13
Cash,Success,1761.98
Cash,Success,2167.17
UPI,Success,4596.17
Card,Success,619.93
Card,Success,3062.8
Cash,Success,1533.54
UPI,Failed,2022.33
Card,Success,449.83
UPI,Success,1488.0
Cash,Success,1755.99
Card,Success,1694.64
Card,Success,2146.12
UPI,Success,297.58
UPI,Failed,3159.24
UPI,Success,4559.73
Card,Success,1656.23
UPI,Success,3282.57
UPI,Failed,3827.94
Card,Success,498.1
Cash,Failed,4850.61
Card,Success,2075.41
Card,Success,3047.72
UPI,Success,334.41
Card,Success,4275.87
Card,Success,3467.51
Cash,Success,3187.73
Cash,Success,3610.58
UPI,Success,4957.03
Cash,Success,1657.47
Card,Success,1077.71
Card,Failed,2521.56
Cash,Failed,3809.28
Card,Success,487.28
UPI,Success,1918.19
UPI,Failed,343.63
UPI,Success,1291.09
Cash,Success,2607.95
Cash,Success,2330.84
Cash,Refunded,3492.3
Cash,Success,661.35
UPI,Success,1605.83
Cash,Success,2010.68
Card,Success,2237.86
Cash,Success,3004.99
Cash,Success,406.16
UPI,Success,1459.45
Card,Success,2302.35
UPI,Success,3193.57
Cash,Failed,1283.08
UPI,Success,446.83
Cash,Success,1946.03
UPI,Success,613.2
UPI,Success,4675.42
UPI,Success,1516.09
Cash,Failed,4310.12
UPI,Success,4866.12
UPI,Success,2261.7
UPI,Success,3045.44
Cash,Failed,3639.39
Card,Failed,4323.33
Cash,Success,742.35
Card,Success,4527.96
Cash,Success,395.22
Card,Success,3220.29
Cash,Success,1813.7
Card,Failed,3735.28
UPI,Success,4615.53
UPI,Success,4405.08
UPI,Failed,4573.37
UPI,Success,4031.97
Cash,Success,3849.33
UPI,Success,3435.44
UPI,Success,2351.54
Card,Success,2007.67
Card,Success,4720.22
UPI,Success,4036.03
Cash,Success,4914.17
UPI,Success,986.25
Cash,Success,4268.27
Cash,Success,2624.58
Card,Success,2322.54
Cash,Success,2854.52
Cash,Success,248.61
Card,Failed,301.74
Cash,Success,2639.19
UPI,Failed,3659.01
Cash,Success,2353.54
Card,Success,2792.71
Card,Success,1882.33
Cash,Success,3870.14
Card,Success,4887.6
Card,Success,4098.45
UPI,Success,3649.72
UPI,Success,2599.45
UPI,Success,2999.3
Cash,Success,3357.58
UPI,Success,1379.99
UPI,Refunded,1090.89
Card,Success,1086.63
Cash,Success,3073.7
Cash,Success,3550.81
Cash,Success,1427.46
Card,Success,924.7
UPI,Success,387.53
Cash,Success,1177.21
Card,Success,496.86
Cash,Success,1421.73
Cash,Success,2167.23
UPI,Success,559.23
Cash,Success,2617.01
Cash,Success,735.35
UPI,Success,2389.58
Cash,Success,4542.07
UPI,Failed,3537.4
UPI,Success,1123.11
Card,Failed,1410.08
Card,Failed,1464.74
UPI,Success,4805.03
UPI,Success,157.92
UPI,Success,1376.37
Card,Success,3596.45
Card,Refunded,4913.79
Cash,Success,202.76
UPI,Success,2071.74
Card,Success,2572.92
Cash,Success,310.1
UPI,Success,117.71
Cash,Success,1329.1
UPI,Success,1913.51
UPI,Success,1308.31
Card,Success,3251.43
Card,Success,1299.8
Card,Success,1633.78
Card,Success,2551.13
UPI,Success,4285.08
Cash,Success,2152.28
UPI,Success,3956.89
Card,Failed,2924.76
Cash,Failed,213.11
Cash,Success,4745.04
Cash,Success,4521.82
Card,Refunded,124.29
Cash,Success,788.76
UPI,Success,810.15
UPI,Success,950.57
Cash,Success,4997.79
Cash,Failed,1519.41
UPI,Success,2193.27
Cash,Success,2042.55
Cash,Success,638.53
Card,Success,112.11
UPI,Success,4794.08
UPI,Success,3839.4
Cash,Refunded,1568.13
Card,Refunded,2532.46
Card,Success,2724.26
Card,Success,86.37
Card,Success,2182.65
Card,Success,3019.98
Card,Success,4141.83
Cash,Failed,1361.58
UPI,Success,2018.5
UPI,Success,2614.09
UPI,Failed,2663.78
Cash,Success,4692.93
Card,Failed,2007.9
Card,Refunded,4465.14
UPI,Success,2740.73
Cash,Success,1305.68
Cash,Success,733.16
Card,Success,3084.72
Card,Success,2410.34
Cash,Success,3943.86
UPI,Refunded,3226.93
Cash,Success,1888.36
UPI,Success,1776.54
Cash,Success,427.13
UPI,Success,1074.76
Cash,Refunded,1726.0
Cash,Failed,188.19
Card,Success,1211.75
Cash,Success,4093.33
Cash,Success,4925.67
Cash,Success,3839.14
Cash,Success,4490.35
UPI,Success,3374.39
UPI,Success,1475.92
Card,Success,4604.8
Cash,Success,3376.96
Card,Failed,1947.89
UPI,Success,4341.79
Cash,Success,4307.57
UPI,Success,3621.22
Cash,Success,3161.2
Card,Success,1628.41
Card,Success,3998.38
Cash,Success,473.42
UPI,Failed,1219.21
Cash,Success,404.76
Card,Success,2047.76
UPI,Success,105.13
Card,Success,367.35
UPI,Success,4160.17
Cash,Refunded,1260.77
Card,Success,3434.72
UPI,Success,2277.09
UPI,Success,4488.22
UPI,Success,4576.9
Card,Success,3730.69
UPI,Success,2567.63
Card,Success,2570.87
UPI,Success,4470.42
UPI,Success,1026.77
Cash,Failed,1736.58
Cash,Success,357.16
UPI,Success,1997.74
Card,Success,4517.8
Cash,Success,3560.94
Cash,Success,2953.41
UPI,Success,971.27
Cash,Success,2285.73
Card,Success,1153.78
UPI,Refunded,2490.42
UPI,Success,2130.65
Card,Success,3508.6
Card,Failed,1238.0
UPI,Success,4163.23
UPI,Success,704.38
Card,Success,3916.94
Card,Success,424.41
UPI,Success,4561.73
Cash,Success,4714.85
Card,Success,245.81
UPI,Failed,104.45
Cash,Failed,4447.96
Cash,Success,2144.02
Cash,Success,3441.32
UPI,Failed,917.17
Card,Success,4165.63
UPI,Success,2803.01
UPI,Success,3405.59
UPI,Success,4716.55
Cash,Success,3248.93
Cash,Success,4190.99
Card,Success,3323.04
UPI,Success,1130.97
Card,Success,826.57
Card,Success,1627.44
Cash,Success,4976.75
Card,Success,2035.76
Card,Success,1021.3
Card,Success,3079.84
UPI,Success,2048.91
UPI,Success,1720.3
Cash,Success,443.8
UPI,Success,3692.98
Card,Failed,1810.98
Cash,Failed,2717.88
UPI,Success,4401.32
UPI,Success,1192.3
Cash,Success,3234.0
Card,Success,4527.04
Cash,Success,1091.74
Card,Refunded,3503.0
UPI,Success,2607.58
Card,Success,4830.85
UPI,Success,1273.03
UPI,Success,3745.33
Card,Refunded,59.5
UPI,Success,1517.52
Card,Success,1394.35
UPI,Success,3815.8
Card,Success,4718.26
Cash,Success,4223.77
Cash,Success,1599.98
Card,Success,2523.77
Card,Success,4916.23
Card,Success,3355.53
Cash,Success,3588.45
UPI,Success,4876.74
Cash,Success,3549.36
Cash,Success,3164.84
UPI,Success,2952.18
Cash,Success,3543.08
UPI,Success,2003.68
Cash,Success,4255.63
UPI,Success,4912.42
Card,Success,2491.52
Cash,Success,4317.13
UPI,Success,3756.39
Cash,Success,1509.48
UPI,Success,196.25
Card,Success,1461.82
Card,Success,1561.93
Card,Success,4368.02
Cash,Success,637.99
Card,Success,3575.19
Card,Success,750.61
Cash,Success,1737.06
Card,Success,3687.63
Card,Success,544.63
Cash,Failed,1190.05
UPI,Success,3175.51
Cash,Success,4897.05
UPI,Success,4302.17
UPI,Success,1834.35
Card,Success,1983.39
Card,Success,788.53
Cash,Success,977.04
Cash,Failed,4701.58
UPI,Failed,1093.49
Cash,Success,4212.59
Cash,Success,1581.85
Card,Success,4053.35
Card,Success,2760.69
Card,Success,2510.79
Cash,Success,2091.15
Cash,Failed,1407.85
Cash,Success,1203.81
UPI,Failed,3502.87
Card,Success,1043.84
Cash,Success,4203.8
Cash,Success,53.96
UPI,Success,1525.58
UPI,Failed,3480.2
UPI,Success,210.23
UPI,Success,367.42
Card,Success,2601.6
Cash,Success,3463.18
UPI,Success,3055.05
Cash,Success,3486.3
Card,Success,3297.54
Cash,Success,2428.46
Cash,Success,4730.01
Card,Success,1374.98
Cash,Success,1753.04
Cash,Success,358.96
Card,Success,68.65
Card,Success,1185.28
UPI,Success,4822.76
Card,Success,4095.31
Card,Failed,2231.95
Cash,Success,1131.37
UPI,Refunded,2764.2
Card,Success,55.59
Card,Success,3359.31
UPI,Success,4278.67
UPI,Success,1188.01
Cash,Success,4740.1
Cash,Success,3151.32
Cash,Success,1730.06
Cash,Success,195.6
UPI,Success,2041.52
Cash,Success,4217.19
Card,Success,4923.94
Cash,Success,1957.4
Cash,Success,2652.94
Card,Success,4676.58
Card,Success,3879.4
UPI,Success,2088.37
Card,Success,96.55
Cash,Success,3033.62
Card,Success,4813.86
Card,Failed,1518.46
Cash,Success,4673.93
Cash,Refunded,4305.42
UPI,Failed,1883.05
Cash,Success,197.41
Card,Success,1326.85
UPI,Success,3421.04
Cash,Success,628.3
Card,Refunded,3136.55
Cash,Success,3210.2
Card,Success,3389.55
Cash,Success,1193.88
UPI,Failed,2007.97
Cash,Success,3766.91
Card,Success,2036.23
Card,Failed,3688.86
Card,Success,246.39
Cash,Success,3389.49
Card,Success,419.43
Card,Success,3311.37
Cash,Success,1100.98
Card,Success,2523.17
Cash,Success,815.63
UPI,Success,1895.09
Cash,Success,1758.74
UPI,Success,4941.03
Card,Success,1749.44
Cash,Success,3605.39
Cash,Success,3751.9
UPI,Success,1260.96
Cash,Failed,3651.64
Cash,Success,182.31
Cash,Success,2214.24
UPI,Success,1204.89
Card,Success,1191.22
UPI,Success,2406.39
Cash,Success,3499.95
UPI,Success,3476.51
Card,Failed,1978.89
UPI,Success,2035.5
UPI,Success,3629.16
Card,Success,4569.13
Cash,Success,1444.2
Cash,Success,4635.66
Card,Success,4281.21
UPI,Success,204.42
Cash,Success,3661.85
Card,Success,3086.11
UPI,Success,591.23
Cash,Success,3090.29
Cash,Success,1006.71
UPI,Success,4941.95
Card,Success,1223.52
UPI,Success,3804.61
UPI,Success,2483.32
UPI,Success,3211.36
Cash,Success,4326.21
Card,Success,2658.96
UPI,Refunded,2598.66
Cash,Refunded,4286.66
UPI,Failed,2651.8
Card,Success,3000.7
Card,Success,3608.19
Card,Success,573.59
UPI,Success,1489.19
UPI,Success,3818.78
Cash,Failed,3081.14
UPI,Success,2207.96
UPI,Success,632.2
Card,Success,413.65
UPI,Failed,4767.01
Cash,Success,4589.56
Cash,Success,2080.19
Cash,Success,3075.94
Cash,Success,1812.48
Cash,Success,4196.64
UPI,Success,1008.38
UPI,Success,229.01
UPI,Success,3780.44
Card,Success,2758.19
Card,Success,2169.3
UPI,Success,401.21
Card,Success,3410.65
UPI,Success,2494.9
Cash,Success,2911.37
UPI,Refunded,1255.42
Cash,Success,4852.12
Cash,Success,683.89
Card,Success,1090.05
UPI,Failed,4553.24
UPI,Success,474.8
Card,Failed,2202.2
Card,Success,560.04
UPI,Success,3352.84
Card,Refunded,3455.33
Card,Success,2274.87
Cash,Success,3055.89
Card,Success,3485.75
UPI,Success,3078.47
UPI,Success,415.89
UPI,Success,2287.33
Cash,Success,1042.96
UPI,Success,500.67
Cash,Success,4401.1
Cash,Success,4843.42
Card,Refunded,164.5
Cash,Success,4775.01
Card,Success,3487.82
UPI,Success,2625.07
Cash,Success,2315.35
Cash,Success,589.63
Card,Success,1826.72
UPI,Success,1547.54
UPI,Success,3632.79
Cash,Success,3904.28
Cash,Success,1764.92
Card,Success,3860.69
Cash,Success,1557.51
UPI,Success,1019.85
Card,Success,3506.41
Cash,Success,3035.54
Card,Success,3900.08
Cash,Success,3289.28
Card,Failed,3945.34
UPI,Success,3223.08
Cash,Failed,3149.66
Cash,Success,1291.12
UPI,Success,1842.04
UPI,Success,3129.57
Cash,Success,3075.05
Card,Success,4333.36
UPI,Success,1793.4
Cash,Success,4561.72
Cash,Success,2058.39
Card,Success,2019.03
UPI,Failed,1798.81
UPI,Success,2897.89
Card,Success,4780.74
Cash,Refunded,1572.89
Cash,Success,3757.56
Card,Failed,1972.75
Card,Success,4211.57
UPI,Success,3458.28
Card,Success,1157.01
UPI,Refunded,1054.27
Cash,Refunded,4730.82
Card,Success,3096.79
Card,Success,2206.5
Cash,Success,535.83
Card,Success,4765.7
Card,Success,3517.44
UPI,Success,2205.48
Cash,Success,4219.63
Cash,Success,2228.06
Cash,Success,2448.58
Cash,Success,2413.55
UPI,Success,235.73
Cash,Success,3513.12
Card,Success,1349.01
Card,Success,1970.57
UPI,Success,3153.71
Card,Success,1510.58
Card,Success,168.28
Card,Success,3550.62
Card,Success,1429.15
Card,Failed,991.29
UPI,Success,4327.44
Card,Success,4920.28
Card,Success,1536.73
Card,Success,4748.69
Cash,Refunded,4658.99
Cash,Success,1911.84
Card,Success,1620.63
Card,Success,3588.46
Card,Success,675.63
Card,Success,1027.07
Cash,Success,2157.96
Card,Success,596.25
UPI,Failed,3289.14
Cash,Failed,1031.11
Card,Success,262.52
Cash,Success,4351.32
Cash,Success,3288.46
UPI,Success,3088.3
Cash,Success,4094.73
Card,Success,1422.06
Cash,Success,2157.85
Card,Success,4941.63
UPI,Success,4573.45
Cash,Success,2052.38
Cash,Success,4705.15
UPI,Success,2838.08
UPI,Success,2024.73
Cash,Success,3812.87
Cash,Refunded,839.43
UPI,Success,78.67
Card,Success,399.27
UPI,Success,380.28
Card,Failed,1809.04
Card,Success,916.42
Cash,Success,1836.72
UPI,Failed,195.84
Cash,Success,2749.88
Cash,Success,2963.29
Cash,Success,289.38
Cash,Refunded,2881.36
Cash,Success,1342.41
Cash,Success,4899.36
Card,Success,4629.13
Card,Success,3236.87
Cash,Refunded,4058.56
UPI,Success,2091.77
UPI,Success,2461.05
UPI,Success,3337.72
Card,Success,1293.53
Card,Success,4022.66
Cash,Success,673.24
UPI,Success,1033.3
UPI,Success,1203.62
